track_id,particle_id,n_shared,n_reco_hits,n_true_hits,pt,event_id,purity_reco,eff_true,hit_id,hit_x,hit_y,hit_z,e,z0,eta,phi,dev,cos_val,theta,mapping_pT,event_file
2,1649.0,4,7,8,334.13301345571944,2001,0.5714285714285714,0.5,905,0.177,0.31543252,0.9104,-0.02159985889938694,0.4265521690456946,,0.44386496925013547,-0.5249959958615091,1.0580935622124408,,0.26772264800112533,2001
2,1649.0,4,7,8,334.13301345571944,2001,0.5714285714285714,0.5,906,0.245,0.18046221,1.1572,-0.02159985889938694,0.4265521690456946,,0.44386496925013547,-0.5249959958615091,1.0580935622124408,,0.26772264800112533,2001
2,1649.0,4,7,8,334.13301345571944,2001,0.5714285714285714,0.5,908,0.742,0.16753052,3.4404,-0.02159985889938694,0.4265521690456946,,0.44386496925013547,-0.5249959958615091,1.0580935622124408,,0.26772264800112533,2001
2,1649.0,4,7,8,334.13301345571944,2001,0.5714285714285714,0.5,910,1.028,0.15543184,4.676,-0.02159985889938694,0.4265521690456946,,0.44386496925013547,-0.5249959958615091,1.0580935622124408,,0.26772264800112533,2001
3,1513.0,3,5,8,68.74059217085637,2014,0.6,0.375,738,0.598,-0.81234175,0.8732,0.8125386436105333,0.2233260330882989,,-2.4720204727261796,5.822846392089112,1.9041823325266192,,0.4347059487899572,2014
3,1513.0,3,5,8,68.74059217085637,2014,0.6,0.375,740,0.886,-0.81073743,1.3128,0.8125386436105333,0.2233260330882989,,-2.4720204727261796,5.822846392089112,1.9041823325266192,,0.4347059487899572,2014
3,1513.0,3,5,8,68.74059217085637,2014,0.6,0.375,741,1.028,-0.80808973,1.5596,0.8125386436105333,0.2233260330882989,,-2.4720204727261796,5.822846392089112,1.9041823325266192,,0.4347059487899572,2014
2,2172.0,8,14,8,338.7642911007593,2021,0.5714285714285714,1.0,1344,0.062,0.15042709,-0.1112,-0.003810194237156174,0.2063522302907161,-1.8158065577106492,-0.14956043977573164,-0.6013315197191973,-0.948418645709777,2.8190062428945653,0.3424691775192239,2021
2,2172.0,8,14,8,338.7642911007593,2021,0.5714285714285714,1.0,1345,0.101,0.15033051,-0.1824,-0.003810194237156174,0.2063522302907161,-1.8158065577106492,-0.14956043977573164,-0.6013315197191973,-0.948418645709777,2.8190062428945653,0.3424691775192239,2021
2,2172.0,8,14,8,338.7642911007593,2021,0.5714285714285714,1.0,1346,0.177,0.1499833,-0.324,-0.003810194237156174,0.2063522302907161,-1.8158065577106492,-0.14956043977573164,-0.6013315197191973,-0.948418645709777,2.8190062428945653,0.3424691775192239,2021
2,2172.0,8,14,8,338.7642911007593,2021,0.5714285714285714,1.0,1347,0.245,0.14928085,-0.4604,-0.003810194237156174,0.2063522302907161,-1.8158065577106492,-0.14956043977573164,-0.6013315197191973,-0.948418645709777,2.8190062428945653,0.3424691775192239,2021
2,2172.0,8,14,8,338.7642911007593,2021,0.5714285714285714,1.0,1348,0.598,0.14666528,-1.2248,-0.003810194237156174,0.2063522302907161,-1.8158065577106492,-0.14956043977573164,-0.6013315197191973,-0.948418645709777,2.8190062428945653,0.3424691775192239,2021
2,2172.0,8,14,8,338.7642911007593,2021,0.5714285714285714,1.0,1349,0.742,0.14743152,-1.486,-0.003810194237156174,0.2063522302907161,-1.8158065577106492,-0.14956043977573164,-0.6013315197191973,-0.948418645709777,2.8190062428945653,0.3424691775192239,2021
2,2172.0,8,14,8,338.7642911007593,2021,0.5714285714285714,1.0,1350,0.886,0.14733796,-1.78,-0.003810194237156174,0.2063522302907161,-1.8158065577106492,-0.14956043977573164,-0.6013315197191973,-0.948418645709777,2.8190062428945653,0.3424691775192239,2021
2,2172.0,8,14,8,338.7642911007593,2021,0.5714285714285714,1.0,1351,1.028,0.14604107,-2.1408,-0.003810194237156174,0.2063522302907161,-1.8158065577106492,-0.14956043977573164,-0.6013315197191973,-0.948418645709777,2.8190062428945653,0.3424691775192239,2021
0,1083.0,5,8,8,56.685967055348016,2051,0.625,0.625,730,0.062,0.55293506,0.0836,1.7961101097346557,1.6069379713150083,,1.8062780032790757,14.145445453659821,1.1749891491319215,,0.16114091396507876,2051
0,1083.0,5,8,8,56.685967055348016,2051,0.625,0.625,731,0.101,0.5622424,0.1316,1.7961101097346557,1.6069379713150083,,1.8062780032790757,14.145445453659821,1.1749891491319215,,0.16114091396507876,2051
0,1083.0,5,8,8,56.685967055348016,2051,0.625,0.625,732,0.177,0.5488598,0.2412,1.7961101097346557,1.6069379713150083,,1.8062780032790757,14.145445453659821,1.1749891491319215,,0.16114091396507876,2051
0,1083.0,5,8,8,56.685967055348016,2051,0.625,0.625,735,0.742,0.54623175,1.02,1.7961101097346557,1.6069379713150083,,1.8062780032790757,14.145445453659821,1.1749891491319215,,0.16114091396507876,2051
0,1083.0,5,8,8,56.685967055348016,2051,0.625,0.625,736,0.886,0.5459884,1.2188,1.7961101097346557,1.6069379713150083,,1.8062780032790757,14.145445453659821,1.1749891491319215,,0.16114091396507876,2051
1,1084.0,5,8,8,170.5469231677898,2051,0.625,0.625,738,0.062,0.5221309,0.0916,1.7961101097346557,1.6069379713150083,,1.8062780032790757,14.145445453659821,1.1749891491319215,,0.16114091396507876,2051
1,1084.0,5,8,8,170.5469231677898,2051,0.625,0.625,739,0.101,0.5360843,0.1432,1.7961101097346557,1.6069379713150083,,1.8062780032790757,14.145445453659821,1.1749891491319215,,0.16114091396507876,2051
1,1084.0,5,8,8,170.5469231677898,2051,0.625,0.625,740,0.177,0.5346527,0.252,1.7961101097346557,1.6069379713150083,,1.8062780032790757,14.145445453659821,1.1749891491319215,,0.16114091396507876,2051
1,1084.0,5,8,8,170.5469231677898,2051,0.625,0.625,743,0.742,0.54168105,1.034,1.7961101097346557,1.6069379713150083,,1.8062780032790757,14.145445453659821,1.1749891491319215,,0.16114091396507876,2051
1,1084.0,5,8,8,170.5469231677898,2051,0.625,0.625,744,0.886,0.54388744,1.2268,1.7961101097346557,1.6069379713150083,,1.8062780032790757,14.145445453659821,1.1749891491319215,,0.16114091396507876,2051
1,764.0,5,8,12,195.43213231196142,2059,0.625,0.4166666666666667,309,0.062,0.4938937,-0.358,-0.019454067248548867,2.362834216603913,,0.2253722631063696,-1.2354837271621206,-1.0440880517205526,,0.37837216290235104,2059
1,764.0,5,8,12,195.43213231196142,2059,0.625,0.4166666666666667,313,0.598,0.42236847,-3.0348,-0.019454067248548867,2.362834216603913,,0.2253722631063696,-1.2354837271621206,-1.0440880517205526,,0.37837216290235104,2059
1,764.0,5,8,12,195.43213231196142,2059,0.625,0.4166666666666667,314,0.742,0.42450014,-3.7836,-0.019454067248548867,2.362834216603913,,0.2253722631063696,-1.2354837271621206,-1.0440880517205526,,0.37837216290235104,2059
1,764.0,5,8,12,195.43213231196142,2059,0.625,0.4166666666666667,315,0.886,0.425719,-4.5308,-0.019454067248548867,2.362834216603913,,0.2253722631063696,-1.2354837271621206,-1.0440880517205526,,0.37837216290235104,2059
1,764.0,5,8,12,195.43213231196142,2059,0.625,0.4166666666666667,318,1.028,0.42669007,-5.2684,-0.019454067248548867,2.362834216603913,,0.2253722631063696,-1.2354837271621206,-1.0440880517205526,,0.37837216290235104,2059
4,1569.0,3,5,8,209.09847452336902,2088,0.6,0.375,902,0.598,-0.6209385,-1.4692,0.33376394466798376,0.40479826542727193,,-2.6787866881178264,3.996953623619695,-1.3022526358418247,,0.5027188677898714,2088
4,1569.0,3,5,8,209.09847452336902,2088,0.6,0.375,903,0.742,-0.61157537,-1.86,0.33376394466798376,0.40479826542727193,,-2.6787866881178264,3.996953623619695,-1.3022526358418247,,0.5027188677898714,2088
4,1569.0,3,5,8,209.09847452336902,2088,0.6,0.375,905,1.028,-0.616295,-2.5512,0.33376394466798376,0.40479826542727193,,-2.6787866881178264,3.996953623619695,-1.3022526358418247,,0.5027188677898714,2088
4,1478.0,4,7,10,139.65119116212364,2096,0.5714285714285714,0.4,784,0.245,-0.88360226,2.2564,-0.020838799137086552,2.6525754376097352,,0.1170167331608519,-0.17429122602303418,1.1620584517852461,,10.526054856151601,2096
4,1478.0,4,7,10,139.65119116212364,2096,0.5714285714285714,0.4,785,0.598,-0.9106495,5.15,-0.020838799137086552,2.6525754376097352,,0.1170167331608519,-0.17429122602303418,1.1620584517852461,,10.526054856151601,2096
4,1478.0,4,7,10,139.65119116212364,2096,0.5714285714285714,0.4,786,0.742,-0.921695,6.1944,-0.020838799137086552,2.6525754376097352,,0.1170167331608519,-0.17429122602303418,1.1620584517852461,,10.526054856151601,2096
4,1478.0,4,7,10,139.65119116212364,2096,0.5714285714285714,0.4,787,0.886,-0.9300785,7.2136,-0.020838799137086552,2.6525754376097352,,0.1170167331608519,-0.17429122602303418,1.1620584517852461,,10.526054856151601,2096
1,659.0,4,6,8,52.463681189943195,2097,0.6666666666666666,0.5,579,0.062,-0.50108135,-0.304,1.4788175307627043,-5.513408703011859,,-1.3817945313989777,12.93056181543927,-1.254829140042543,,0.14226085735334149,2097
1,659.0,4,6,8,52.463681189943195,2097,0.6666666666666666,0.5,580,0.101,-0.50425327,-0.486,1.4788175307627043,-5.513408703011859,,-1.3817945313989777,12.93056181543927,-1.254829140042543,,0.14226085735334149,2097
1,659.0,4,6,8,52.463681189943195,2097,0.6666666666666666,0.5,581,0.177,-0.50749743,-0.838,1.4788175307627043,-5.513408703011859,,-1.3817945313989777,12.93056181543927,-1.254829140042543,,0.14226085735334149,2097
1,659.0,4,6,8,52.463681189943195,2097,0.6666666666666666,0.5,583,0.598,-0.510288,-2.7876,1.4788175307627043,-5.513408703011859,,-1.3817945313989777,12.93056181543927,-1.254829140042543,,0.14226085735334149,2097
3,1591.0,5,9,10,44.268766743608296,2098,0.5555555555555556,0.5,702,0.245,-0.35624722,-0.264,-0.0060268363929405246,0.5311067844877995,,-0.11032514593729494,-1.2468280140175174,-1.042623658141443,,0.4784954537923713,2098
3,1591.0,5,9,10,44.268766743608296,2098,0.5555555555555556,0.5,705,0.598,-0.36796623,-0.6344,-0.0060268363929405246,0.5311067844877995,,-0.11032514593729494,-1.2468280140175174,-1.042623658141443,,0.4784954537923713,2098
3,1591.0,5,9,10,44.268766743608296,2098,0.5555555555555556,0.5,706,0.742,-0.3729837,-0.7812,-0.0060268363929405246,0.5311067844877995,,-0.11032514593729494,-1.2468280140175174,-1.042623658141443,,0.4784954537923713,2098
3,1591.0,5,9,10,44.268766743608296,2098,0.5555555555555556,0.5,707,0.886,-0.3650835,-0.9436,-0.0060268363929405246,0.5311067844877995,,-0.11032514593729494,-1.2468280140175174,-1.042623658141443,,0.4784954537923713,2098
3,1591.0,5,9,10,44.268766743608296,2098,0.5555555555555556,0.5,708,1.028,-0.3702402,-1.0868,-0.0060268363929405246,0.5311067844877995,,-0.11032514593729494,-1.2468280140175174,-1.042623658141443,,0.4784954537923713,2098
0,1600.0,6,8,8,63.76007757209835,2110,0.75,0.75,849,0.062,0.5924671,0.062,-0.01675130901940172,0.7874525587862565,,0.8631530992968001,-0.09486783377544857,1.0967991142853248,,0.3669464616363161,2041
0,1600.0,6,8,8,63.76007757209835,2110,0.75,0.75,850,0.101,0.59218246,0.1016,-0.01675130901940172,0.7874525587862565,,0.8631530992968001,-0.09486783377544857,1.0967991142853248,,0.3669464616363161,2041
0,1600.0,6,8,8,63.76007757209835,2110,0.75,0.75,853,0.177,0.5913011,0.1812,-0.01675130901940172,0.7874525587862565,,0.8631530992968001,-0.09486783377544857,1.0967991142853248,,0.3669464616363161,2041
0,1600.0,6,8,8,63.76007757209835,2110,0.75,0.75,858,0.245,0.5903674,0.2556,-0.01675130901940172,0.7874525587862565,,0.8631530992968001,-0.09486783377544857,1.0967991142853248,,0.3669464616363161,2041
0,1600.0,6,8,8,63.76007757209835,2110,0.75,0.75,766,0.062,0.5575557,0.0768,1.4838498429540574,1.5587159629397322,,2.098739764364775,11.584531273667382,1.2328630463477053,,0.20597816343675987,2110
0,1600.0,6,8,8,63.76007757209835,2110,0.75,0.75,768,0.177,0.5761948,0.2256,1.4838498429540574,1.5587159629397322,,2.098739764364775,11.584531273667382,1.2328630463477053,,0.20597816343675987,2110
0,1600.0,6,8,8,63.76007757209835,2110,0.75,0.75,769,0.245,0.58893824,0.3184,1.4838498429540574,1.5587159629397322,,2.098739764364775,11.584531273667382,1.2328630463477053,,0.20597816343675987,2110
0,1600.0,6,8,8,63.76007757209835,2110,0.75,0.75,770,0.598,0.5902445,0.7784,1.4838498429540574,1.5587159629397322,,2.098739764364775,11.584531273667382,1.2328630463477053,,0.20597816343675987,2110
0,1600.0,6,8,8,63.76007757209835,2110,0.75,0.75,771,0.742,0.5913014,0.9672,1.4838498429540574,1.5587159629397322,,2.098739764364775,11.584531273667382,1.2328630463477053,,0.20597816343675987,2110
0,1600.0,6,8,8,63.76007757209835,2110,0.75,0.75,773,1.028,0.59126,1.3396,1.4838498429540574,1.5587159629397322,,2.098739764364775,11.584531273667382,1.2328630463477053,,0.20597816343675987,2110
3,1641.0,3,5,8,287.3172390738154,2113,0.6,0.375,837,0.245,-0.326495,-0.2192,-0.005965124781527763,0.3744526963116423,-1.858910481977278,-0.11447040122101715,-1.2362179287080857,-0.9525780643674704,2.8323951260068143,0.44383043730834454,2113
3,1641.0,3,5,8,287.3172390738154,2113,0.6,0.375,839,0.742,-0.32572624,-0.66,-0.005965124781527763,0.3744526963116423,-1.858910481977278,-0.11447040122101715,-1.2362179287080857,-0.9525780643674704,2.8323951260068143,0.44383043730834454,2113
3,1641.0,3,5,8,287.3172390738154,2113,0.6,0.375,841,1.028,-0.32353908,-0.8972,-0.005965124781527763,0.3744526963116423,-1.858910481977278,-0.11447040122101715,-1.2362179287080857,-0.9525780643674704,2.8323951260068143,0.44383043730834454,2113
3,1049.0,3,5,8,116.43033503344392,2115,0.6,0.375,575,0.245,-0.80473936,0.4692,1.5097173932600743,2.3439874908918132,,-2.173075540304836,8.780813185993951,1.2955476251007405,,0.30383562613161624,2115
3,1049.0,3,5,8,116.43033503344392,2115,0.6,0.375,577,0.742,-0.8053892,1.394,1.5097173932600743,2.3439874908918132,,-2.173075540304836,8.780813185993951,1.2955476251007405,,0.30383562613161624,2115
3,1049.0,3,5,8,116.43033503344392,2115,0.6,0.375,578,0.886,-0.8078547,1.5344,1.5097173932600743,2.3439874908918132,,-2.173075540304836,8.780813185993951,1.2955476251007405,,0.30383562613161624,2115
3,1049.0,3,5,8,116.43033503344392,2115,0.6,0.375,607,0.101,-0.19004045,0.6692,0.06553916088702591,0.5635150764374605,,-1.9134055121729567,0.20505884034711133,1.0241381946763113,,0.43232589676321126,2189
0,1321.0,4,7,12,108.43583114911786,2120,0.5714285714285714,0.3333333333333333,666,0.062,-0.6397002,0.474,1.1647023692914908,4.72999318985706,,-2.297992457692817,10.037826535333277,1.0648147850230072,,0.24949813887301356,2120
0,1321.0,4,7,12,108.43583114911786,2120,0.5714285714285714,0.3333333333333333,670,0.245,-0.61167467,1.2796,1.1647023692914908,4.72999318985706,,-2.297992457692817,10.037826535333277,1.0648147850230072,,0.24949813887301356,2120
0,1321.0,4,7,12,108.43583114911786,2120,0.5714285714285714,0.3333333333333333,671,0.245,-0.61947,1.4432,1.1647023692914908,4.72999318985706,,-2.297992457692817,10.037826535333277,1.0648147850230072,,0.24949813887301356,2120
0,1321.0,4,7,12,108.43583114911786,2120,0.5714285714285714,0.3333333333333333,672,0.598,-0.6086319,2.9644,1.1647023692914908,4.72999318985706,,-2.297992457692817,10.037826535333277,1.0648147850230072,,0.24949813887301356,2120
2,1321.0,4,7,12,108.43583114911786,2120,0.5714285714285714,0.3333333333333333,668,0.177,-0.5974155,0.7056,1.1647023692914908,4.72999318985706,,-2.297992457692817,10.037826535333277,1.0648147850230072,,0.24949813887301356,2120
2,1321.0,4,7,12,108.43583114911786,2120,0.5714285714285714,0.3333333333333333,669,0.245,-0.59296584,0.8836,1.1647023692914908,4.72999318985706,,-2.297992457692817,10.037826535333277,1.0648147850230072,,0.24949813887301356,2120
2,1321.0,4,7,12,108.43583114911786,2120,0.5714285714285714,0.3333333333333333,673,0.742,-0.60224056,3.272,1.1647023692914908,4.72999318985706,,-2.297992457692817,10.037826535333277,1.0648147850230072,,0.24949813887301356,2120
2,1321.0,4,7,12,108.43583114911786,2120,0.5714285714285714,0.3333333333333333,675,1.028,-0.60292476,4.5972,1.1647023692914908,4.72999318985706,,-2.297992457692817,10.037826535333277,1.0648147850230072,,0.24949813887301356,2120
1,842.0,7,12,8,85.46113526042114,2122,0.5833333333333334,0.875,419,0.062,0.039532036,0.2636,-0.02024130450066776,0.03718914757561827,2.2285672231280476,0.514867090318482,-0.3759598466039521,0.9770747440442097,0.21453852798544717,0.2664454874101832,2122
1,842.0,7,12,8,85.46113526042114,2122,0.5833333333333334,0.875,420,0.101,0.02048529,0.4348,-0.02024130450066776,0.03718914757561827,2.2285672231280476,0.514867090318482,-0.3759598466039521,0.9770747440442097,0.21453852798544717,0.2664454874101832,2122
1,842.0,7,12,8,85.46113526042114,2122,0.5833333333333334,0.875,422,0.245,0.0037677498,1.0632,-0.02024130450066776,0.03718914757561827,2.2285672231280476,0.514867090318482,-0.3759598466039521,0.9770747440442097,0.21453852798544717,0.2664454874101832,2122
1,842.0,7,12,8,85.46113526042114,2122,0.5833333333333334,0.875,423,0.598,-0.0059361067,2.6036,-0.02024130450066776,0.03718914757561827,2.2285672231280476,0.514867090318482,-0.3759598466039521,0.9770747440442097,0.21453852798544717,0.2664454874101832,2122
1,842.0,7,12,8,85.46113526042114,2122,0.5833333333333334,0.875,424,0.742,-0.0067677316,3.2312,-0.02024130450066776,0.03718914757561827,2.2285672231280476,0.514867090318482,-0.3759598466039521,0.9770747440442097,0.21453852798544717,0.2664454874101832,2122
1,842.0,7,12,8,85.46113526042114,2122,0.5833333333333334,0.875,425,0.886,-0.0071335905,3.8588,-0.02024130450066776,0.03718914757561827,2.2285672231280476,0.514867090318482,-0.3759598466039521,0.9770747440442097,0.21453852798544717,0.2664454874101832,2122
1,842.0,7,12,8,85.46113526042114,2122,0.5833333333333334,0.875,426,1.028,-0.006632488,4.4764,-0.02024130450066776,0.03718914757561827,2.2285672231280476,0.514867090318482,-0.3759598466039521,0.9770747440442097,0.21453852798544717,0.2664454874101832,2122
2,976.0,3,5,8,182.13407247684327,2140,0.6,0.375,588,0.062,0.49184012,-0.0224,-0.00936223619519015,-1.381674681561828,,-0.08803604412708234,-0.5858562172122882,-1.012396261529365,,2.4806815978680166,2028
2,976.0,3,5,8,182.13407247684327,2140,0.6,0.375,472,0.177,0.7499165,-0.6084,-0.010829758640648989,1.1653919115986922,,-0.09038883762680607,-0.28563251676426066,-1.2576894197431547,,5.584005606402983,2140
2,976.0,3,5,8,182.13407247684327,2140,0.6,0.375,474,0.598,0.7997456,-2.738,-0.010829758640648989,1.1653919115986922,,-0.09038883762680607,-0.28563251676426066,-1.2576894197431547,,5.584005606402983,2140
2,976.0,3,5,8,182.13407247684327,2140,0.6,0.375,475,0.742,0.80536,-3.4872,-0.010829758640648989,1.1653919115986922,,-0.09038883762680607,-0.28563251676426066,-1.2576894197431547,,5.584005606402983,2140
2,1575.0,8,8,8,1041.5662202303797,2146,1.0,1.0,1071,0.062,0.7624035,-0.0052,-0.1787769559221812,0.09906802104659396,-0.19796725645628221,0.3183937025593398,-0.6847268523437017,-0.1954209848923059,1.7674830199008924,3.1972151887242437,2146
2,1575.0,8,8,8,1041.5662202303797,2146,1.0,1.0,1072,0.101,0.7629982,-0.0088,-0.1787769559221812,0.09906802104659396,-0.19796725645628221,0.3183937025593398,-0.6847268523437017,-0.1954209848923059,1.7674830199008924,3.1972151887242437,2146
2,1575.0,8,8,8,1041.5662202303797,2146,1.0,1.0,1073,0.177,0.76412356,-0.0152,-0.1787769559221812,0.09906802104659396,-0.19796725645628221,0.3183937025593398,-0.6847268523437017,-0.1954209848923059,1.7674830199008924,3.1972151887242437,2146
2,1575.0,8,8,8,1041.5662202303797,2146,1.0,1.0,1074,0.245,0.7653729,-0.0212,-0.1787769559221812,0.09906802104659396,-0.19796725645628221,0.3183937025593398,-0.6847268523437017,-0.1954209848923059,1.7674830199008924,3.1972151887242437,2146
2,1575.0,8,8,8,1041.5662202303797,2146,1.0,1.0,1075,0.598,0.7751325,-0.0532,-0.1787769559221812,0.09906802104659396,-0.19796725645628221,0.3183937025593398,-0.6847268523437017,-0.1954209848923059,1.7674830199008924,3.1972151887242437,2146
2,1575.0,8,8,8,1041.5662202303797,2146,1.0,1.0,1076,0.742,0.78181887,-0.0676,-0.1787769559221812,0.09906802104659396,-0.19796725645628221,0.3183937025593398,-0.6847268523437017,-0.1954209848923059,1.7674830199008924,3.1972151887242437,2146
2,1575.0,8,8,8,1041.5662202303797,2146,1.0,1.0,1077,0.886,0.79146206,-0.0828,-0.1787769559221812,0.09906802104659396,-0.19796725645628221,0.3183937025593398,-0.6847268523437017,-0.1954209848923059,1.7674830199008924,3.1972151887242437,2146
2,1575.0,8,8,8,1041.5662202303797,2146,1.0,1.0,1078,1.028,0.80703694,-0.1008,-0.1787769559221812,0.09906802104659396,-0.19796725645628221,0.3183937025593398,-0.6847268523437017,-0.1954209848923059,1.7674830199008924,3.1972151887242437,2146
3,1794.0,3,5,10,342.56125162370597,2153,0.6,0.3,933,0.177,0.62061435,0.4832,-0.21814100328871525,0.14638820724050988,0.7868449809907554,1.4485992384267663,-0.8132110406860954,0.6566180109023856,0.8544704365251207,0.32675062769082935,2153
3,1794.0,3,5,10,342.56125162370597,2153,0.6,0.3,936,0.742,0.49655312,2.0648,-0.21814100328871525,0.14638820724050988,0.7868449809907554,1.4485992384267663,-0.8132110406860954,0.6566180109023856,0.8544704365251207,0.32675062769082935,2153
3,1794.0,3,5,10,342.56125162370597,2153,0.6,0.3,938,1.028,0.47768652,2.83,-0.21814100328871525,0.14638820724050988,0.7868449809907554,1.4485992384267663,-0.8132110406860954,0.6566180109023856,0.8544704365251207,0.32675062769082935,2153
1,1145.0,6,11,8,55.001466062278745,2155,0.5454545454545454,0.75,714,0.101,-0.14528798,-0.222,0.11988194911843841,-0.051441190864114195,-2.197308091607047,0.9629704607282836,0.27814031379805987,-0.9756137799552648,2.920296542896097,0.7675373339733763,2155
1,1145.0,6,11,8,55.001466062278745,2155,0.5454545454545454,0.75,716,0.245,-0.15993448,-0.5768,0.11988194911843841,-0.051441190864114195,-2.197308091607047,0.9629704607282836,0.27814031379805987,-0.9756137799552648,2.920296542896097,0.7675373339733763,2155
1,1145.0,6,11,8,55.001466062278745,2155,0.5454545454545454,0.75,717,0.598,-0.1592976,-1.4036,0.11988194911843841,-0.051441190864114195,-2.197308091607047,0.9629704607282836,0.27814031379805987,-0.9756137799552648,2.920296542896097,0.7675373339733763,2155
1,1145.0,6,11,8,55.001466062278745,2155,0.5454545454545454,0.75,718,0.742,-0.1605586,-1.7516,0.11988194911843841,-0.051441190864114195,-2.197308091607047,0.9629704607282836,0.27814031379805987,-0.9756137799552648,2.920296542896097,0.7675373339733763,2155
1,1145.0,6,11,8,55.001466062278745,2155,0.5454545454545454,0.75,719,0.886,-0.16170286,-2.102,0.11988194911843841,-0.051441190864114195,-2.197308091607047,0.9629704607282836,0.27814031379805987,-0.9756137799552648,2.920296542896097,0.7675373339733763,2155
1,1145.0,6,11,8,55.001466062278745,2155,0.5454545454545454,0.75,720,1.028,-0.16282232,-2.4508,0.11988194911843841,-0.051441190864114195,-2.197308091607047,0.9629704607282836,0.27814031379805987,-0.9756137799552648,2.920296542896097,0.7675373339733763,2155
3,1869.0,5,9,8,59.064886387768496,2161,0.5555555555555556,0.625,983,0.245,-0.07847313,1.4864,-0.01286227914488981,-0.15508020710920162,2.718661907118419,0.6836189290547299,-0.094230726920512,0.991335476139335,0.13173507642702945,0.4105995138829145,2161
3,1869.0,5,9,8,59.064886387768496,2161,0.5555555555555556,0.625,984,0.598,-0.097402826,3.4788,-0.01286227914488981,-0.15508020710920162,2.718661907118419,0.6836189290547299,-0.094230726920512,0.991335476139335,0.13173507642702945,0.4105995138829145,2161
3,1869.0,5,9,8,59.064886387768496,2161,0.5555555555555556,0.625,985,0.742,-0.08313808,4.4588,-0.01286227914488981,-0.15508020710920162,2.718661907118419,0.6836189290547299,-0.094230726920512,0.991335476139335,0.13173507642702945,0.4105995138829145,2161
3,1869.0,5,9,8,59.064886387768496,2161,0.5555555555555556,0.625,986,0.886,-0.09388489,5.1968,-0.01286227914488981,-0.15508020710920162,2.718661907118419,0.6836189290547299,-0.094230726920512,0.991335476139335,0.13173507642702945,0.4105995138829145,2161
3,1869.0,5,9,8,59.064886387768496,2161,0.5555555555555556,0.625,987,1.028,-0.08712773,6.1236,-0.01286227914488981,-0.15508020710920162,2.718661907118419,0.6836189290547299,-0.094230726920512,0.991335476139335,0.13173507642702945,0.4105995138829145,2161
3,1601.0,4,7,8,123.30467710512849,2177,0.5714285714285714,0.5,919,0.598,-0.21163668,-0.2872,-0.0074568335695153545,0.10277210572513748,-0.7024264426488609,-0.14611109081025989,-1.1085527421303003,-0.6059056780350774,2.221700150721452,0.38080766072255917,2177
3,1601.0,4,7,8,123.30467710512849,2177,0.5714285714285714,0.5,920,0.742,-0.21157913,-0.3564,-0.0074568335695153545,0.10277210572513748,-0.7024264426488609,-0.14611109081025989,-1.1085527421303003,-0.6059056780350774,2.221700150721452,0.38080766072255917,2177
3,1601.0,4,7,8,123.30467710512849,2177,0.5714285714285714,0.5,921,0.886,-0.21315266,-0.4352,-0.0074568335695153545,0.10277210572513748,-0.7024264426488609,-0.14611109081025989,-1.1085527421303003,-0.6059056780350774,2.221700150721452,0.38080766072255917,2177
3,1601.0,4,7,8,123.30467710512849,2177,0.5714285714285714,0.5,922,1.028,-0.21049201,-0.4856,-0.0074568335695153545,0.10277210572513748,-0.7024264426488609,-0.14611109081025989,-1.1085527421303003,-0.6059056780350774,2.221700150721452,0.38080766072255917,2177
1,1633.0,6,11,14,110.13861493590701,2178,0.5454545454545454,0.42857142857142855,726,0.062,-0.6900137,0.31,1.7155663126692435,4.230362721176354,,-1.9910973874007478,10.752629746886354,1.0934479739465435,,0.22970197227247155,2178
1,1633.0,6,11,14,110.13861493590701,2178,0.5454545454545454,0.42857142857142855,727,0.101,-0.7021727,0.3152,1.7155663126692435,4.230362721176354,,-1.9910973874007478,10.752629746886354,1.0934479739465435,,0.22970197227247155,2178
1,1633.0,6,11,14,110.13861493590701,2178,0.5454545454545454,0.42857142857142855,730,0.177,-0.69938254,0.626,1.7155663126692435,4.230362721176354,,-1.9910973874007478,10.752629746886354,1.0934479739465435,,0.22970197227247155,2178
1,1633.0,6,11,14,110.13861493590701,2178,0.5454545454545454,0.42857142857142855,733,0.245,-0.6976833,0.934,1.7155663126692435,4.230362721176354,,-1.9910973874007478,10.752629746886354,1.0934479739465435,,0.22970197227247155,2178
1,1633.0,6,11,14,110.13861493590701,2178,0.5454545454545454,0.42857142857142855,735,0.742,-0.6952969,3.106,1.7155663126692435,4.230362721176354,,-1.9910973874007478,10.752629746886354,1.0934479739465435,,0.22970197227247155,2178
1,1633.0,6,11,14,110.13861493590701,2178,0.5454545454545454,0.42857142857142855,736,0.886,-0.69518304,3.7248,1.7155663126692435,4.230362721176354,,-1.9910973874007478,10.752629746886354,1.0934479739465435,,0.22970197227247155,2178
2,1951.0,4,7,12,451.72355334872674,2179,0.5714285714285714,0.3333333333333333,1091,0.177,-0.91752374,0.098,-0.012418413603790238,0.06334671557571686,-0.2577818881629632,0.1855105840156034,-0.39147076166722994,-0.2522196902059306,1.8257697490178177,1.1189182051746829,2179
2,1951.0,4,7,12,451.72355334872674,2179,0.5714285714285714,0.3333333333333333,1094,0.245,0.9707802,0.14,-0.012418413603790238,0.06334671557571686,-0.2577818881629632,0.1855105840156034,-0.39147076166722994,-0.2522196902059306,1.8257697490178177,1.1189182051746829,2179
2,1951.0,4,7,12,451.72355334872674,2179,0.5714285714285714,0.3333333333333333,1095,0.598,-0.96570325,0.3404,-0.012418413603790238,0.06334671557571686,-0.2577818881629632,0.1855105840156034,-0.39147076166722994,-0.2522196902059306,1.8257697490178177,1.1189182051746829,2179
2,1951.0,4,7,12,451.72355334872674,2179,0.5714285714285714,0.3333333333333333,1097,0.886,-0.9165442,0.4896,-0.012418413603790238,0.06334671557571686,-0.2577818881629632,0.1855105840156034,-0.39147076166722994,-0.2522196902059306,1.8257697490178177,1.1189182051746829,2179
3,1408.0,5,9,8,226.24460784071738,2191,0.5555555555555556,0.625,838,0.245,-0.059114695,0.7556,-0.020709741838660232,-0.10402032935393542,2.168078943595358,0.6241643881666052,-0.16209927692958356,0.9741646747496885,0.22780404774967639,0.448875165410939,2191
3,1408.0,5,9,8,226.24460784071738,2191,0.5555555555555556,0.625,839,0.598,-0.07655406,1.998,-0.020709741838660232,-0.10402032935393542,2.168078943595358,0.6241643881666052,-0.16209927692958356,0.9741646747496885,0.22780404774967639,0.448875165410939,2191
3,1408.0,5,9,8,226.24460784071738,2191,0.5555555555555556,0.625,840,0.742,-0.085034214,2.5696,-0.020709741838660232,-0.10402032935393542,2.168078943595358,0.6241643881666052,-0.16209927692958356,0.9741646747496885,0.22780404774967639,0.448875165410939,2191
3,1408.0,5,9,8,226.24460784071738,2191,0.5555555555555556,0.625,841,0.886,-0.089780636,3.1284,-0.020709741838660232,-0.10402032935393542,2.168078943595358,0.6241643881666052,-0.16209927692958356,0.9741646747496885,0.22780404774967639,0.448875165410939,2191
3,1408.0,5,9,8,226.24460784071738,2191,0.5555555555555556,0.625,842,1.028,-0.07868447,3.4664,-0.020709741838660232,-0.10402032935393542,2.168078943595358,0.6241643881666052,-0.16209927692958356,0.9741646747496885,0.22780404774967639,0.448875165410939,2191
4,1323.0,5,6,10,105.59056854189204,2195,0.8333333333333334,0.5,872,0.177,-0.8529626,0.3656,1.070745066502677,4.458255330096925,,-2.3639793274311813,6.2743735022648055,1.1279805396675782,,0.4160463292352526,2012
4,1323.0,5,6,10,105.59056854189204,2195,0.8333333333333334,0.5,735,0.245,-0.8860708,-0.3884,1.102962938710113,-0.9329240554259157,,-2.3592691127653302,6.435858446766461,-2.4715079383935787,,0.4138514575751977,2195
4,1323.0,5,6,10,105.59056854189204,2195,0.8333333333333334,0.5,736,0.598,-0.8901988,-0.9152,1.102962938710113,-0.9329240554259157,,-2.3592691127653302,6.435858446766461,-2.4715079383935787,,0.4138514575751977,2195
4,1323.0,5,6,10,105.59056854189204,2195,0.8333333333333334,0.5,737,0.742,-0.88703954,-1.1672,1.102962938710113,-0.9329240554259157,,-2.3592691127653302,6.435858446766461,-2.4715079383935787,,0.4138514575751977,2195
4,1323.0,5,6,10,105.59056854189204,2195,0.8333333333333334,0.5,738,0.886,-0.8849317,-1.4184,1.102962938710113,-0.9329240554259157,,-2.3592691127653302,6.435858446766461,-2.4715079383935787,,0.4138514575751977,2195
4,1323.0,5,6,10,105.59056854189204,2195,0.8333333333333334,0.5,739,1.028,-0.88346845,-1.666,1.102962938710113,-0.9329240554259157,,-2.3592691127653302,6.435858446766461,-2.4715079383935787,,0.4138514575751977,2195
1,546.0,5,7,8,178.93352616265068,2201,0.7142857142857143,0.625,304,0.101,0.0854079,0.1552,-0.046980827112804956,0.139050616329582,0.01845995717456186,0.6875580515241949,-0.4574846550030763,0.018457860593690437,1.5523374179643508,0.30595259753948156,2133
1,546.0,5,7,8,178.93352616265068,2201,0.7142857142857143,0.625,418,0.177,0.1260651,1.116,-0.014776792167134964,-0.4410833133414571,3.1950375421612107,-0.6378793504028026,-0.06907018932414209,0.9966493624153244,0.08188419123423092,0.7239644573137809,2201
1,546.0,5,7,8,178.93352616265068,2201,0.7142857142857143,0.625,420,0.598,0.157524,4.118,-0.014776792167134964,-0.4410833133414571,3.1950375421612107,-0.6378793504028026,-0.06907018932414209,0.9966493624153244,0.08188419123423092,0.7239644573137809,2201
1,546.0,5,7,8,178.93352616265068,2201,0.7142857142857143,0.625,421,0.742,0.15784566,5.114,-0.014776792167134964,-0.4410833133414571,3.1950375421612107,-0.6378793504028026,-0.06907018932414209,0.9966493624153244,0.08188419123423092,0.7239644573137809,2201
1,546.0,5,7,8,178.93352616265068,2201,0.7142857142857143,0.625,422,0.886,0.15701228,6.0936,-0.014776792167134964,-0.4410833133414571,3.1950375421612107,-0.6378793504028026,-0.06907018932414209,0.9966493624153244,0.08188419123423092,0.7239644573137809,2201
1,546.0,5,7,8,178.93352616265068,2201,0.7142857142857143,0.625,423,1.028,0.15370528,7.01,-0.014776792167134964,-0.4410833133414571,3.1950375421612107,-0.6378793504028026,-0.06907018932414209,0.9966493624153244,0.08188419123423092,0.7239644573137809,2201
4,2356.0,4,7,10,233.5815921364524,2207,0.5714285714285714,0.4,1111,0.062,-0.5339392,0.2148,-0.03975772478110745,0.3683058651525078,,-1.3047188399578704,-0.21746203914104287,1.037985180641526,,0.23568717858629268,2207
4,2356.0,4,7,10,233.5815921364524,2207,0.5714285714285714,0.4,1115,0.245,-0.40262952,1.1448,-0.03975772478110745,0.3683058651525078,,-1.3047188399578704,-0.21746203914104287,1.037985180641526,,0.23568717858629268,2207
4,2356.0,4,7,10,233.5815921364524,2207,0.5714285714285714,0.4,1117,0.742,-0.32175896,3.7352,-0.03975772478110745,0.3683058651525078,,-1.3047188399578704,-0.21746203914104287,1.037985180641526,,0.23568717858629268,2207
4,2356.0,4,7,10,233.5815921364524,2207,0.5714285714285714,0.4,1119,1.028,-0.28437582,5.2352,-0.03975772478110745,0.3683058651525078,,-1.3047188399578704,-0.21746203914104287,1.037985180641526,,0.23568717858629268,2207
5,2356.0,4,7,10,233.5815921364524,2207,0.5714285714285714,0.4,1112,0.062,-0.1524807,0.294,-0.03975772478110745,0.3683058651525078,,-1.3047188399578704,-0.21746203914104287,1.037985180641526,,0.23568717858629268,2207
5,2356.0,4,7,10,233.5815921364524,2207,0.5714285714285714,0.4,1114,0.177,-0.18559085,0.8688,-0.03975772478110745,0.3683058651525078,,-1.3047188399578704,-0.21746203914104287,1.037985180641526,,0.23568717858629268,2207
5,2356.0,4,7,10,233.5815921364524,2207,0.5714285714285714,0.4,1116,0.598,-0.2542391,3.0428,-0.03975772478110745,0.3683058651525078,,-1.3047188399578704,-0.21746203914104287,1.037985180641526,,0.23568717858629268,2207
5,2356.0,4,7,10,233.5815921364524,2207,0.5714285714285714,0.4,1118,0.886,-0.2884218,4.5092,-0.03975772478110745,0.3683058651525078,,-1.3047188399578704,-0.21746203914104287,1.037985180641526,,0.23568717858629268,2207
4,1588.0,3,5,8,283.5287204147051,2214,0.6,0.375,921,0.245,0.3055775,0.148,-0.008139442186950608,-0.10512766341511302,0.574231021768099,0.12473479871469195,-1.2276851056696139,0.5184597816264699,1.02574757178664,0.514004797676502,2214
4,1588.0,3,5,8,283.5287204147051,2214,0.6,0.375,923,0.742,0.3075234,0.4444,-0.008139442186950608,-0.10512766341511302,0.574231021768099,0.12473479871469195,-1.2276851056696139,0.5184597816264699,1.02574757178664,0.514004797676502,2214
4,1588.0,3,5,8,283.5287204147051,2214,0.6,0.375,925,1.028,0.31155849,0.6032,-0.008139442186950608,-0.10512766341511302,0.574231021768099,0.12473479871469195,-1.2276851056696139,0.5184597816264699,1.02574757178664,0.514004797676502,2214
0,1148.0,8,8,8,1866.749545397561,2217,1.0,1.0,966,0.062,-0.844548,0.0136,0.005451818654369254,0.033765723320570276,-0.613719300084175,-1.3350996704210523,0.016702154522228847,-0.5467399099881689,2.1492620296391918,0.41428882735137385,2217
0,1148.0,8,8,8,1866.749545397561,2217,1.0,1.0,967,0.101,-0.8446243,0.022,0.005451818654369254,0.033765723320570276,-0.613719300084175,-1.3350996704210523,0.016702154522228847,-0.5467399099881689,2.1492620296391918,0.41428882735137385,2217
0,1148.0,8,8,8,1866.749545397561,2217,1.0,1.0,968,0.177,-0.84469014,0.0384,0.005451818654369254,0.033765723320570276,-0.613719300084175,-1.3350996704210523,0.016702154522228847,-0.5467399099881689,2.1492620296391918,0.41428882735137385,2217
0,1148.0,8,8,8,1866.749545397561,2217,1.0,1.0,969,0.245,-0.84462553,0.0532,0.005451818654369254,0.033765723320570276,-0.613719300084175,-1.3350996704210523,0.016702154522228847,-0.5467399099881689,2.1492620296391918,0.41428882735137385,2217
0,1148.0,8,8,8,1866.749545397561,2217,1.0,1.0,970,0.598,-0.8443026,0.1296,0.005451818654369254,0.033765723320570276,-0.613719300084175,-1.3350996704210523,0.016702154522228847,-0.5467399099881689,2.1492620296391918,0.41428882735137385,2217
0,1148.0,8,8,8,1866.749545397561,2217,1.0,1.0,971,0.742,-0.8441578,0.1608,0.005451818654369254,0.033765723320570276,-0.613719300084175,-1.3350996704210523,0.016702154522228847,-0.5467399099881689,2.1492620296391918,0.41428882735137385,2217
0,1148.0,8,8,8,1866.749545397561,2217,1.0,1.0,972,0.886,-0.8439624,0.192,0.005451818654369254,0.033765723320570276,-0.613719300084175,-1.3350996704210523,0.016702154522228847,-0.5467399099881689,2.1492620296391918,0.41428882735137385,2217
0,1148.0,8,8,8,1866.749545397561,2217,1.0,1.0,973,1.028,-0.84375775,0.2228,0.005451818654369254,0.033765723320570276,-0.613719300084175,-1.3350996704210523,0.016702154522228847,-0.5467399099881689,2.1492620296391918,0.41428882735137385,2217
1,1149.0,8,8,10,1584.9834623834406,2217,1.0,0.8,974,0.062,0.017969107,-0.0152,0.005451818654369254,0.033765723320570276,-0.613719300084175,-1.3350996704210523,0.016702154522228847,-0.5467399099881689,2.1492620296391918,0.41428882735137385,2217
1,1149.0,8,8,10,1584.9834623834406,2217,1.0,0.8,975,0.101,0.018279182,-0.0244,0.005451818654369254,0.033765723320570276,-0.613719300084175,-1.3350996704210523,0.016702154522228847,-0.5467399099881689,2.1492620296391918,0.41428882735137385,2217
1,1149.0,8,8,10,1584.9834623834406,2217,1.0,0.8,976,0.177,0.01798361,-0.0432,0.005451818654369254,0.033765723320570276,-0.613719300084175,-1.3350996704210523,0.016702154522228847,-0.5467399099881689,2.1492620296391918,0.41428882735137385,2217
1,1149.0,8,8,10,1584.9834623834406,2217,1.0,0.8,977,0.245,0.017929291,-0.0596,0.005451818654369254,0.033765723320570276,-0.613719300084175,-1.3350996704210523,0.016702154522228847,-0.5467399099881689,2.1492620296391918,0.41428882735137385,2217
1,1149.0,8,8,10,1584.9834623834406,2217,1.0,0.8,978,0.598,0.017410167,-0.1456,0.005451818654369254,0.033765723320570276,-0.613719300084175,-1.3350996704210523,0.016702154522228847,-0.5467399099881689,2.1492620296391918,0.41428882735137385,2217
1,1149.0,8,8,10,1584.9834623834406,2217,1.0,0.8,979,0.742,0.017123528,-0.1808,0.005451818654369254,0.033765723320570276,-0.613719300084175,-1.3350996704210523,0.016702154522228847,-0.5467399099881689,2.1492620296391918,0.41428882735137385,2217
1,1149.0,8,8,10,1584.9834623834406,2217,1.0,0.8,980,0.886,0.016783481,-0.216,0.005451818654369254,0.033765723320570276,-0.613719300084175,-1.3350996704210523,0.016702154522228847,-0.5467399099881689,2.1492620296391918,0.41428882735137385,2217
1,1149.0,8,8,10,1584.9834623834406,2217,1.0,0.8,981,1.028,0.016339082,-0.2504,0.005451818654369254,0.033765723320570276,-0.613719300084175,-1.3350996704210523,0.016702154522228847,-0.5467399099881689,2.1492620296391918,0.41428882735137385,2217
