hit_id,r,phi,z,layer_id,particle_id
1,3.1,0.4338709677419355,-4.24,1,296
2,5.05,0.4267326732673267,-6.88,2,296
3,8.85,0.4129943502824859,-12.040000000000001,3,296
4,12.25,0.4004081632653061,-16.68,4,296
5,29.9,0.3352240802675585,-40.800000000000004,5,296
6,37.1,0.30865768194070076,-50.68,6,296
7,44.3,0.281823927765237,-60.6,7,296
8,51.4,0.2552645914396887,-70.4,8,296
9,3.1,1.3806451612903226,-8.64,1,305
10,5.05,1.399009900990099,-14.08,2,305
11,8.85,1.432768361581921,-24.72,3,305
12,12.25,1.4636734693877549,-34.24,4,305
13,29.9,1.6251772575250836,-84.4,5,305
14,37.1,1.6926684636118596,-105.48,6,305
15,44.3,1.76255079006772,-127.04,7,305
16,51.4,1.8328249027237353,-148.96,8,305
17,3.1,-1.05,1.84,1,357
18,5.05,-1.0297029702970297,3.,2,357
19,8.85,-0.9898305084745763,5.24,3,357
20,12.25,-0.9542857142857142,7.24,4,357
21,29.9,-0.7656254180602006,17.96,5,357
22,37.1,-0.6853153638814016,22.52,6,357
23,44.3,-0.6026365688487584,27.2,7,357
24,51.4,-0.5170778210116731,32.04,8,357
25,3.1,-1.9258064516129032,1.8,1,379
26,5.05,-1.9465346534653465,2.96,2,379
27,8.85,-1.984180790960452,5.2,3,379
28,12.25,-2.017959183673469,7.2,4,379
29,29.9,-2.1981739130434783,17.76,5,379
30,37.1,-2.274517520215633,22.240000000000002,6,379
31,44.3,-2.352677200902934,26.84,7,379
32,51.4,-2.433579766536965,31.6,8,379
33,3.1,-2.079032258064516,14.56,1,381
34,5.05,-2.0514851485148515,23.72,2,381
35,8.85,-1.9983050847457628,41.64,3,381
36,12.25,-1.950612244897959,57.76,4,381
37,29.9,-1.6934046822742475,144.64000000000001,5,381
38,37.1,-1.5804043126684635,182.84,6,381
39,44.3,-1.4586997742663654,224.,7,381
40,51.4,-1.3267276264591439,268.56,8,381
41,3.1,1.9548387096774194,9.64,1,400
42,5.05,1.9386138613861386,15.68,2,400
43,8.85,1.9073446327683616,27.52,3,400
44,12.25,1.8791836734693876,38.12,4,400
45,29.9,1.7316120401337791,93.84,5,400
46,37.1,1.670307277628032,117.12,6,400
47,44.3,1.6070564334085777,140.84,7,400
48,51.4,1.5436264591439688,164.84,8,400
49,3.1,1.3548387096774193,-16.84,1,459
50,5.05,1.3524752475247526,-27.44,2,459
51,8.85,1.3480225988700565,-48.08,3,459
52,12.25,1.3448979591836734,-66.52,4,459
53,29.9,1.3262274247491639,-162.4,5,459
54,37.1,1.3186684636118597,-201.52,6,459
55,44.3,1.3110338600451465,-240.64000000000001,7,459
56,51.4,1.3035758754863813,-279.28000000000003,8,459
57,3.1,1.2096774193548387,-10.32,1,460
58,5.05,1.2188118811881188,-16.84,2,460
59,8.85,1.236723163841808,-29.52,3,460
60,12.25,1.2530612244897958,-40.88,4,460
61,29.9,1.3386220735785952,-100.04,5,460
62,37.1,1.3737466307277626,-124.36,6,460
63,44.3,1.4090428893905191,-148.84,7,460
64,51.4,1.4442062256809338,-173.16,8,460
65,3.1,1.3516129032258064,-8.84,1,463
66,5.05,1.3316831683168318,-14.4,2,463
67,8.85,1.2909604519774012,-25.28,3,463
68,12.25,1.2546938775510204,-35.04,4,463
69,29.9,1.0616187290969898,-86.8,5,463
70,37.1,0.979676549865229,-108.8,6,463
71,44.3,0.894591422121896,-131.6,7,463
72,51.4,0.8068054474708171,-155.12,8,463
73,3.1,0.33064516129032256,-16.6,1,464
74,5.05,0.37722772277227723,-27.04,2,464
75,8.85,0.468361581920904,-47.64,3,464
76,12.25,0.5518367346938775,-66.44,4,464
77,29.9,1.0469498327759197,-177.72,5,464
78,37.1,1.3362641509433961,-242.76,6,464
79,3.1,-2.6887096774193546,-14.72,1,493
80,5.05,-2.6752475247524754,-23.96,2,493
81,8.85,-2.6480225988700568,-42.04,3,493
82,12.25,-2.624081632653061,-58.2,4,493
83,29.9,-2.4975785953177256,-143.,5,493
84,37.1,-2.445342318059299,-178.16,6,493
85,44.3,-2.391972911963882,-213.84,7,493
86,51.4,-2.3385914396887157,-249.64000000000001,8,493
87,3.1,-2.3645161290322583,-15.8,1,524
88,5.05,-2.399009900990099,-25.76,2,524
89,8.85,-2.466666666666667,-45.28,3,524
90,12.25,-2.527755102040816,-62.88,4,524
91,29.9,-2.8638461538461537,-160.36,5,524
92,37.1,-3.02077628032345,-205.88,6,524
93,44.3,3.080338600451467,-258.64,7,524
94,3.1,-1.206451612903226,-16.16,1,525
95,5.05,-1.188118811881188,-26.28,2,525
96,8.85,-1.151412429378531,-46.12,3,525
97,12.25,-1.1183673469387754,-63.92,4,525
98,29.9,-0.9447224080267558,-157.88,5,525
99,37.1,-0.8717196765498652,-197.52,6,525
100,44.3,-0.7960451467268622,-238.24,7,525
101,51.4,-0.7188949416342412,-279.92,8,525
102,3.1,-2.632258064516129,11.64,1,539
103,5.05,-2.6534653465346536,18.96,2,539
104,8.85,-2.694915254237288,33.28,3,539
105,12.25,-2.7326530612244895,46.160000000000004,4,539
106,29.9,-2.932755852842809,114.44,5,539
107,37.1,-3.017752021563342,143.56,6,539
108,44.3,-3.1065869074492096,173.84,7,539
109,51.4,3.0844747081712063,205.24,8,539
110,3.1,-1.0129032258064516,17.2,1,540
111,5.05,-0.9613861386138614,28.04,2,540
112,8.85,-0.8593220338983051,49.480000000000004,3,540
113,12.25,-0.7661224489795918,69.08,4,540
114,29.9,-0.18648829431438127,190.8,5,540
115,3.1,1.1919354838709677,9.88,1,542
116,5.05,1.1821782178217821,16.080000000000002,2,542
117,8.85,1.1615819209039548,28.16,3,542
118,12.25,1.143265306122449,39.,4,542
119,29.9,1.0478595317725752,95.60000000000001,5,542
120,37.1,1.0087277628032343,118.88,6,542
121,44.3,0.9691151241534988,142.36,7,542
122,51.4,0.9297743190661478,165.76,8,542
123,3.1,-1.038709677419355,9.4,1,543
124,5.05,-1.0178217821782178,15.32,2,543
125,8.85,-0.9745762711864407,26.84,3,543
126,12.25,-0.9367346938775509,37.2,4,543
127,29.9,-0.7335585284280935,92.32000000000001,5,543
128,37.1,-0.6470080862533691,115.84,6,543
129,44.3,-0.5565869074492099,140.32,7,543
130,51.4,-0.46250583657587546,165.8,8,543
131,3.1,1.2080645161290322,9.200000000000001,1,544
132,5.05,1.1801980198019801,15.,2,544
133,8.85,1.1259887005649718,26.32,3,544
134,12.25,1.0767346938775508,36.56,4,544
135,29.9,0.8125886287625418,91.64,5,544
136,37.1,0.6956711590296495,116.,6,544
137,44.3,0.5704018058690744,142.24,7,544
138,51.4,0.43135019455252915,171.12,8,544
139,3.1,2.3306451612903225,-3.36,1,559
140,5.05,2.3613861386138613,-5.48,2,559
141,8.85,2.4237288135593222,-9.64,3,559
142,12.25,2.48,-13.36,4,559
143,29.9,2.7867491638795983,-33.88,5,559
144,37.1,2.9269326145552554,-43.2,6,559
145,44.3,3.083024830699774,-53.64,7,559
146,3.1,-2.6516129032258062,6.84,1,561
147,5.05,-2.6594059405940595,11.120000000000001,2,561
148,8.85,-2.6751412429378534,19.48,3,561
149,12.25,-2.6893877551020404,27.,4,561
150,29.9,-2.763324414715719,66.,5,561
151,37.1,-2.7935902964959567,82.04,6,561
152,44.3,-2.824302483069977,98.12,7,561
153,51.4,-2.85447859922179,114.08,8,561
154,3.1,1.1209677419354838,4.5600000000000005,1,562
155,5.05,1.1524752475247524,7.44,2,562
156,8.85,1.2141242937853107,13.040000000000001,3,562
157,12.25,1.270204081632653,18.12,4,562
158,29.9,1.5743478260869563,45.88,5,562
159,37.1,1.7131051212938002,58.480000000000004,6,562
160,44.3,1.8673137697516928,72.56,7,562
161,51.4,2.049657587548638,89.12,8,562
162,3.1,1.8338709677419356,-5.68,1,582
163,5.05,1.8445544554455446,-9.24,2,582
164,8.85,1.8649717514124295,-16.2,3,582
165,12.25,1.8836734693877548,-22.44,4,582
166,29.9,1.9790501672240801,-54.96,5,582
167,37.1,2.0185552560646896,-68.36,6,582
168,44.3,2.0581128668171553,-81.84,7,582
169,51.4,2.0978793774319064,-95.32000000000001,8,582
170,3.1,2.7903225806451615,7.96,1,604
171,5.05,2.7752475247524755,12.96,2,604
172,8.85,2.7474576271186444,22.72,3,604
173,12.25,2.72204081632653,31.44,4,604
174,29.9,2.5900267558528425,77.28,5,604
175,37.1,2.535336927223719,96.32000000000001,6,604
176,44.3,2.4794672686230244,115.68,7,604
177,51.4,2.423326848249027,135.16,8,604
178,3.1,-1.1725806451612903,11.56,1,605
179,5.05,-1.1544554455445544,18.8,2,605
180,8.85,-1.1192090395480225,33.,3,605
181,12.25,-1.0877551020408163,45.72,4,605
182,29.9,-0.9220936454849498,112.76,5,605
183,37.1,-0.8528409703504042,140.96,6,605
184,44.3,-0.7811557562076749,169.84,7,605
185,51.4,-0.7085097276264591,199.28,8,605
186,3.1,-1.967741935483871,1.92,1,607
187,5.05,-1.9376237623762376,3.12,2,607
188,8.85,-1.8796610169491526,5.48,3,607
189,12.25,-1.8277551020408163,7.6000000000000005,4,607
190,29.9,-1.545010033444816,19.12,5,607
191,37.1,-1.4181940700808624,24.240000000000002,6,607
192,44.3,-1.280257336343115,29.88,7,607
193,51.4,-1.1232568093385213,36.24,8,607
194,3.1,0.9854838709677419,-12.88,1,612
195,5.05,1.0178217821782178,-21.,2,612
196,8.85,1.0824858757062148,-36.92,3,612
197,12.25,1.1408163265306122,-51.28,4,612
198,29.9,1.4605217391304346,-130.28,5,612
199,37.1,1.6078059299191372,-166.6,6,612
200,44.3,1.775060948081264,-207.88,7,612
201,3.1,-2.074193548387097,18.32,1,755
202,5.05,-2.0495049504950495,29.88,2,755
203,8.85,-2.00225988700565,52.44,3,755
204,12.25,-1.9599999999999997,72.72,4,755
205,29.9,-1.733772575250836,181.12,5,755
206,37.1,-1.635940700808625,227.92000000000002,6,755
207,44.3,-1.5332234762979682,277.2,7,755
208,51.4,-1.423964980544747,329.32,8,755
209,3.1,1.1903225806451614,-17.56,1,764
210,5.05,1.2485148514851485,-28.68,2,764
211,8.85,1.3638418079096046,-50.68,3,764
212,3.1,0.19032258064516128,12.44,1,1041
213,5.05,0.21188118811881188,20.28,2,1041
214,8.85,0.2542372881355932,35.56,3,1041
215,12.25,0.2930612244897959,49.32,4,1041
216,29.9,0.49794648829431437,122.36,5,1041
217,37.1,0.5856064690026953,153.56,6,1041
218,44.3,0.6765462753950338,186.08,7,1041
219,51.4,0.7720116731517509,219.96,8,1041
220,3.1,2.388709677419355,5.8,1,1061
221,5.05,2.369306930693069,9.44,2,1061
222,8.85,2.331638418079096,16.56,3,1061
223,12.25,2.2983673469387753,22.92,4,1061
224,29.9,2.1208494983277593,56.64,5,1061
225,37.1,2.0459568733153635,70.88,6,1061
226,44.3,1.9687765237020314,85.56,7,1061
227,51.4,1.8897782101167315,100.56,8,1061
228,3.1,-0.9016129032258065,3.72,1,1062
229,5.05,-0.8900990099009901,6.08,2,1062
230,8.85,-0.8689265536723164,10.64,3,1062
231,12.25,-0.8497959183673468,14.76,4,1062
232,29.9,-0.7493645484949832,36.160000000000004,5,1062
233,37.1,-0.7078598382749325,45.,6,1062
234,44.3,-0.6661083521444695,53.92,7,1062
235,51.4,-0.6245019455252918,62.800000000000004,8,1062
236,3.1,1.261290322580645,1.68,1,1063
237,5.05,1.2316831683168317,2.7600000000000002,2,1063
238,8.85,1.1757062146892656,4.84,3,1063
239,12.25,1.1248979591836734,6.72,4,1063
240,29.9,0.849772575250836,16.92,5,1063
241,37.1,0.7270134770889487,21.48,6,1063
242,44.3,0.5945011286681715,26.400000000000002,7,1063
243,51.4,0.44504280155642023,31.92,8,1063
244,3.1,2.174193548387097,-13.56,1,1066
245,5.05,2.199009900990099,-22.080000000000002,2,1066
246,8.85,2.247457627118644,-38.76,3,1066
247,12.25,2.2914285714285714,-53.76,4,1066
248,29.9,2.52657525083612,-134.04,5,1066
249,37.1,2.6287223719676547,-168.88,6,1066
250,44.3,2.7365011286681713,-205.76,7,1066
251,51.4,2.8521634241245133,-245.08,8,1066
252,3.1,2.432258064516129,-13.68,1,1068
253,5.05,2.4445544554455445,-22.28,2,1068
254,8.85,2.468361581920904,-39.04,3,1068
255,12.25,2.490204081632653,-54.08,4,1068
256,29.9,2.6040133779264214,-132.68,5,1068
257,37.1,2.651083557951482,-165.20000000000002,6,1068
258,44.3,2.6986636568848756,-198.08,7,1068
259,51.4,2.746260700389105,-231.,8,1068
260,3.1,2.140322580645161,-3.24,1,1208
261,5.05,2.1524752475247526,-5.28,2,1208
262,8.85,2.1774011299435028,-9.24,3,1208
263,12.25,2.199591836734694,-12.8,4,1208
264,29.9,2.3163210702341135,-31.400000000000002,5,1208
265,37.1,2.3646037735849053,-39.08,6,1208
266,44.3,2.413462753950338,-46.88,7,1208
267,51.4,2.4623540856031125,-54.68,8,1208
268,3.1,-1.520967741935484,0.44,1,1256
269,5.05,-1.5257425742574258,0.68,2,1256
270,8.85,-1.5350282485875706,1.2,3,1256
271,12.25,-1.5432653061224488,1.68,4,1256
272,29.9,-1.5858327759197324,4.04,5,1256
273,37.1,-1.6033153638814013,5.04,6,1256
274,44.3,-1.6207945823927763,6.,7,1256
275,51.4,-1.6380856031128403,7.,8,1256
276,3.1,-1.0629032258064517,-12.52,1,1264
277,5.05,-1.0544554455445545,-20.36,2,1264
278,8.85,-1.0378531073446329,-35.72,3,1264
279,12.25,-1.0232653061224488,-49.44,4,1264
280,29.9,-0.9469966555183946,-120.96000000000001,5,1264
281,37.1,-0.9156172506738544,-150.32,6,1264
282,44.3,-0.8840767494356658,-179.84,7,1264
283,51.4,-0.8528443579766537,-209.08,8,1264
284,3.1,-0.25161290322580643,-6.04,1,1270
285,5.05,-0.24455445544554455,-9.84,2,1270
286,8.85,-0.23220338983050848,-17.240000000000002,3,1270
287,12.25,-0.22122448979591836,-23.88,4,1270
288,29.9,-0.16408695652173913,-58.36,5,1270
289,37.1,-0.14058221024258757,-72.48,6,1270
290,44.3,-0.117196388261851,-86.60000000000001,7,1270
291,51.4,-0.09386381322957198,-100.60000000000001,8,1270
292,3.1,-1.4806451612903226,18.44,1,1307
293,5.05,-1.4831683168316832,30.04,2,1307
294,8.85,-1.4898305084745764,52.64,3,1307
295,12.25,-1.4951020408163265,72.84,4,1307
296,29.9,-1.524086956521739,177.84,5,1307
297,37.1,-1.535865229110512,220.72,6,1307
298,44.3,-1.5476523702031602,263.64,7,1307
299,51.4,-1.5593696498054475,306.,8,1307
300,3.1,2.9080645161290324,5.44,1,1332
301,5.05,2.873267326732673,8.84,2,1332
302,8.85,2.805084745762712,15.56,3,1332
303,12.25,2.743265306122449,21.6,4,1332
304,29.9,2.4026287625418057,55.120000000000005,5,1332
305,37.1,2.2429919137466303,70.84,6,1332
306,44.3,2.056577878103837,89.2,7,1332
307,3.1,-2.6564516129032256,1.8,1,1333
308,5.05,-2.604950495049505,2.96,2,1333
309,8.85,-2.5056497175141246,5.2,3,1333
310,12.25,-2.41469387755102,7.28,4,1333
311,29.9,-1.8573779264214045,19.92,5,1333
312,37.1,-1.466032345013477,28.8,6,1333
313,3.1,-1.335483870967742,-3.08,1,1335
314,5.05,-1.3544554455445545,-5.04,2,1335
315,8.85,-1.3915254237288137,-8.84,3,1335
316,12.25,-1.4253061224489794,-12.24,4,1335
317,29.9,-1.6039130434782607,-30.28,5,1335
318,37.1,-1.6791967654986522,-37.88,6,1335
319,44.3,-1.756948081264108,-45.76,7,1335
320,51.4,-1.836396887159533,-53.800000000000004,8,1335
321,3.1,2.6596774193548387,-8.8,1,1399
322,5.05,2.622772277227723,-14.36,2,1399
323,8.85,2.552542372881356,-25.240000000000002,3,1399
324,12.25,2.4885714285714284,-35.08,4,1399
325,29.9,2.132448160535117,-89.88,5,1399
326,37.1,1.963018867924528,-115.96000000000001,6,1399
327,44.3,1.7595575620767492,-147.16,7,1399
328,3.1,2.6370967741935485,-6.5600000000000005,1,1400
329,5.05,2.6445544554455447,-10.72,2,1400
330,8.85,2.66045197740113,-18.76,3,1400
331,12.25,2.674285714285714,-26.,4,1400
332,29.9,2.7469498327759196,-63.56,5,1400
333,37.1,2.7765444743935306,-79.,6,1400
334,44.3,2.8066501128668166,-94.48,7,1400
335,51.4,2.8361556420233462,-109.84,8,1400
336,3.1,-1.5774193548387097,2.48,1,1426
337,5.05,-1.5851485148514852,4.04,2,1426
338,8.85,-1.601129943502825,7.08,3,1426
339,12.25,-1.6155102040816325,9.8,4,1426
340,29.9,-1.690334448160535,23.96,5,1426
341,37.1,-1.7210781671159028,29.76,6,1426
342,44.3,-1.751882618510158,35.6,7,1426
343,51.4,-1.7825525291828792,41.36,8,1426
344,3.1,-1.685483870967742,3.56,1,1427
345,5.05,-1.6782178217821782,5.8,2,1427
346,8.85,-1.6638418079096047,10.16,3,1427
347,12.25,-1.650612244897959,14.040000000000001,4,1427
348,29.9,-1.5838996655518394,34.36,5,1427
349,37.1,-1.556485175202156,42.68,6,1427
350,44.3,-1.5290022573363429,51.04,7,1427
351,51.4,-1.5018210116731516,59.32,8,1427
352,3.1,2.958064516129032,-1.72,1,1428
353,5.05,2.9712871287128713,-2.8000000000000003,2,1428
354,8.85,2.9966101694915257,-4.92,3,1428
355,12.25,3.0195918367346937,-6.8,4,1428
356,29.9,3.140735785953177,-16.68,5,1428
357,37.1,-3.092350404312668,-20.76,6,1428
358,44.3,-3.041503386004514,-24.92,7,1428
359,51.4,-2.990610894941634,-29.080000000000002,8,1428
360,3.1,-0.5209677419354839,-1.28,1,1434
361,5.05,-0.5108910891089109,-2.08,2,1434
362,8.85,-0.49265536723163844,-3.64,3,1434
363,12.25,-0.47632653061224484,-5.04,4,1434
364,29.9,-0.3911705685618729,-12.36,5,1434
365,37.1,-0.35622102425876007,-15.4,6,1434
366,44.3,-0.3208126410835214,-18.400000000000002,7,1434
367,51.4,-0.28562645914396884,-21.400000000000002,8,1434
368,3.1,-2.2516129032258063,-7.2,1,1437
369,5.05,-2.283168316831683,-11.72,2,1437
370,8.85,-2.346327683615819,-20.56,3,1437
371,12.25,-2.403265306122449,-28.560000000000002,4,1437
372,29.9,-2.7155652173913043,-72.4,5,1437
373,37.1,-2.858199460916442,-92.44,6,1437
374,44.3,-3.0189390519187356,-115.,7,1437
375,3.1,0.2854838709677419,-0.76,1,1438
376,5.05,0.31485148514851485,-1.24,2,1438
377,8.85,0.372316384180791,-2.16,3,1438
378,12.25,0.42326530612244895,-3.,4,1438
379,29.9,0.7004682274247491,-7.5200000000000005,5,1438
380,37.1,0.8238814016172505,-9.56,6,1438
381,44.3,0.9584469525959367,-11.76,7,1438
382,51.4,1.109101167315175,-14.200000000000001,8,1438
383,3.1,0.28225806451612906,-7.16,1,1440
384,5.05,0.2732673267326733,-11.68,2,1440
385,8.85,0.2570621468926554,-20.44,3,1440
386,12.25,0.2424489795918367,-28.32,4,1440
387,29.9,0.16681605351170567,-69.24,5,1440
388,37.1,0.13581671159029648,-86.04,6,1440
389,44.3,0.10453273137697516,-102.92,7,1440
390,51.4,0.07355642023346304,-119.68,8,1440
391,3.1,-0.13709677419354838,-13.72,1,1442
392,5.05,-0.14356435643564355,-22.400000000000002,2,1442
393,8.85,-0.15480225988700566,-39.24,3,1442
394,12.25,-0.16530612244897958,-54.32,4,1442
395,29.9,-0.21912374581939797,-132.68,5,1442
396,37.1,-0.24111590296495952,-164.76,6,1442
397,44.3,-0.26317381489841984,-196.92000000000002,7,1442
398,51.4,-0.28496498054474706,-228.72,8,1442
399,3.1,-0.22741935483870968,-13.,1,1443
400,5.05,-0.22376237623762377,-21.2,2,1443
401,8.85,-0.21864406779661016,-37.160000000000004,3,1443
402,12.25,-0.21346938775510202,-51.44,4,1443
403,29.9,-0.1877391304347826,-125.56,5,1443
404,37.1,-0.17733153638814014,-155.84,6,1443
405,44.3,-0.16677652370203158,-186.12,7,1443
406,51.4,-0.1564396887159533,-216.,8,1443
407,3.1,2.641935483870968,-12.32,1,1602
408,5.05,2.6475247524752477,-20.080000000000002,2,1602
409,8.85,2.6587570621468926,-35.24,3,1602
410,12.25,2.6689795918367345,-48.76,4,1602
411,29.9,2.7204548494983274,-119.16,5,1602
412,37.1,2.7415363881401613,-147.96,6,1602
413,44.3,2.762749435665914,-176.8,7,1602
414,51.4,2.783700389105058,-205.32,8,1602
415,3.1,-1.8838709677419354,-4.8,1,1604
416,5.05,-1.8891089108910892,-7.84,2,1604
417,8.85,-1.8988700564971752,-13.76,3,1604
418,12.25,-1.9081632653061222,-19.04,4,1604
419,29.9,-1.954829431438127,-46.52,5,1604
420,37.1,-1.9740161725067382,-57.76,6,1604
421,44.3,-1.9931828442437922,-69.04,7,1604
422,51.4,-2.012217898832685,-80.16,8,1604
423,3.1,0.8096774193548387,-2.64,1,1605
424,5.05,0.8326732673267326,-4.32,2,1605
425,8.85,0.876271186440678,-7.5600000000000005,3,1605
426,12.25,0.9155102040816325,-10.48,4,1605
427,29.9,1.1241605351170567,-26.,5,1605
428,37.1,1.2132776280323447,-32.64,6,1605
429,44.3,1.3066591422121894,-39.6,7,1605
430,51.4,1.40431906614786,-46.84,8,1605
431,3.1,-1.5048387096774194,-10.040000000000001,1,1606
432,5.05,-1.5188118811881188,-16.36,2,1606
433,8.85,-1.5457627118644068,-28.68,3,1606
434,12.25,-1.570204081632653,-39.72,4,1606
435,29.9,-1.6969297658862874,-97.60000000000001,5,1606
436,37.1,-1.749854447439353,-121.64,6,1606
437,44.3,-1.8030744920993227,-146.,7,1606
438,51.4,-1.8570350194552527,-170.48,8,1606
439,3.1,-2.229032258064516,-3.36,1,1607
440,5.05,-2.218811881188119,-5.48,2,1607
441,8.85,-2.201129943502825,-9.64,3,1607
442,12.25,-2.1853061224489796,-13.32,4,1607
443,29.9,-2.101859531772575,-32.6,5,1607
444,37.1,-2.0674932614555255,-40.52,6,1607
445,44.3,-2.0330158013544017,-48.480000000000004,7,1607
446,51.4,-1.9987898832684823,-56.4,8,1607
447,3.1,-1.6516129032258065,-1.12,1,1608
448,5.05,-1.6584158415841583,-1.84,2,1608
449,8.85,-1.6706214689265537,-3.24,3,1608
450,12.25,-1.681224489795918,-4.48,4,1608
451,29.9,-1.7378662207357858,-10.92,5,1608
452,37.1,-1.760943396226415,-13.56,6,1608
453,44.3,-1.7841941309255076,-16.2,7,1608
454,51.4,-1.8070933852140076,-18.8,8,1608
455,3.1,-1.667741935483871,-4.92,1,1610
456,5.05,-1.6782178217821782,-8.040000000000001,2,1610
457,8.85,-1.6994350282485877,-14.08,3,1610
458,12.25,-1.7183673469387752,-19.48,4,1610
459,29.9,-1.816782608695652,-47.76,5,1610
460,37.1,-1.8575363881401614,-59.44,6,1610
461,44.3,-1.898320541760722,-71.2,7,1610
462,51.4,-1.9393891050583656,-82.92,8,1610
463,3.1,-1.9580645161290322,-3.24,1,1611
464,5.05,-1.9356435643564356,-5.24,2,1611
465,8.85,-1.8915254237288137,-9.200000000000001,3,1611
466,12.25,-1.8522448979591835,-12.76,4,1611
467,29.9,-1.6428026755852843,-31.68,5,1611
468,37.1,-1.553185983827493,-39.800000000000004,6,1611
469,44.3,-1.4596975169300224,-48.28,7,1611
470,51.4,-1.3615875486381321,-57.120000000000005,8,1611
471,3.1,-1.0564516129032258,-0.32,1,1630
472,5.05,-1.0683168316831684,-0.48,2,1630
473,8.85,-1.0915254237288137,-0.88,3,1630
474,12.25,-1.1118367346938773,-1.2,4,1630
475,29.9,-1.217859531772575,-2.92,5,1630
476,37.1,-1.2615741239892182,-3.64,6,1630
477,44.3,-1.3059683972911962,-4.36,7,1630
478,51.4,-1.3501439688715953,-5.08,8,1630
479,3.1,-2.7483870967741937,0.12,1,1631
480,5.05,-2.73960396039604,0.16,2,1631
481,8.85,-2.7209039548022598,0.32,3,1631
482,12.25,-2.704081632653061,0.4,4,1631
483,29.9,-2.617658862876254,1.04,5,1631
484,37.1,-2.582258760107816,1.28,6,1631
485,44.3,-2.546316027088036,1.52,7,1631
486,51.4,-2.5108404669260698,1.76,8,1631
487,3.1,-0.8112903225806452,-1.36,1,1632
488,5.05,-0.8277227722772277,-2.2,2,1632
489,8.85,-0.8581920903954803,-3.88,3,1632
490,12.25,-0.8853061224489795,-5.4,4,1632
491,29.9,-1.0283010033444815,-13.280000000000001,5,1632
492,37.1,-1.0878167115902964,-16.56,6,1632
493,44.3,-1.1486320541760722,-19.88,7,1632
494,51.4,-1.2100428015564202,-23.28,8,1632
495,3.1,-1.185483870967742,-5.6000000000000005,1,1633
496,5.05,-1.1702970297029702,-9.120000000000001,2,1633
497,8.85,-1.1412429378531075,-16.04,3,1633
498,12.25,-1.1151020408163264,-22.2,4,1633
499,29.9,-0.9775852842809364,-54.6,5,1633
500,37.1,-0.9204743935309971,-68.08,6,1633
501,44.3,-0.8622031602708803,-81.8,7,1633
502,51.4,-0.8033657587548638,-95.60000000000001,8,1633
503,3.1,-0.7258064516129032,-10.72,1,1642
504,5.05,-0.7198019801980198,-17.44,2,1642
505,8.85,-0.7096045197740113,-30.560000000000002,3,1642
506,12.25,-0.6995918367346938,-42.28,4,1642
507,29.9,-0.6490702341137123,-103.36,5,1642
508,37.1,-0.6283126684636118,-128.32,6,1642
509,44.3,-0.6075485327313769,-153.36,7,1642
510,51.4,-0.5870622568093385,-178.08,8,1642
511,3.1,-1.664516129032258,5.,1,1659
512,5.05,-1.7138613861386138,8.16,2,1659
513,8.85,-1.8101694915254238,14.36,3,1659
514,12.25,-1.8983673469387754,20.04,4,1659
515,29.9,-2.430829431438127,54.28,5,1659
516,37.1,-2.772970350404312,76.32000000000001,6,1659
517,3.1,1.1096774193548387,-0.52,1,1661
518,5.05,1.103960396039604,-0.84,2,1661
519,8.85,1.0943502824858757,-1.44,3,1661
520,12.25,1.0857142857142856,-2.,4,1661
521,29.9,1.0398996655518393,-4.92,5,1661
522,37.1,1.0212830188679243,-6.12,6,1661
523,44.3,1.0026546275395032,-7.32,7,1661
524,51.4,0.9840817120622568,-8.48,8,1661
525,3.1,2.285483870967742,-3.72,1,1668
526,5.05,2.297029702970297,-6.08,2,1668
527,8.85,2.32090395480226,-10.64,3,1668
528,12.25,2.3428571428571425,-14.72,4,1668
529,29.9,2.4550501672240803,-36.160000000000004,5,1668
530,37.1,2.5013369272237194,-45.,6,1668
531,44.3,2.5485417607223475,-53.96,7,1668
532,51.4,2.595509727626459,-62.92,8,1668
533,3.1,0.8806451612903226,-1.24,1,1669
534,5.05,0.8762376237623762,-2.,2,1669
535,8.85,0.8677966101694916,-3.52,3,1669
536,12.25,0.8599999999999999,-4.88,4,1669
537,29.9,0.8195250836120401,-11.92,5,1669
538,37.1,0.8030781671159029,-14.76,6,1669
539,44.3,0.7866049661399548,-17.64,7,1669
540,51.4,0.7702918287937742,-20.48,8,1669
541,3.1,2.141935483870968,3.16,1,1699
542,5.05,2.1445544554455447,5.16,2,1699
543,8.85,2.1474576271186443,9.040000000000001,3,1699
544,12.25,2.1502040816326526,12.52,4,1699
545,29.9,2.1651973244147156,30.6,5,1699
546,37.1,2.171234501347709,37.96,6,1699
547,44.3,2.17730474040632,45.36,7,1699
548,51.4,2.1832762645914396,52.6,8,1699
549,3.1,2.517741935483871,2.8000000000000003,1,1700
550,5.05,2.516831683168317,4.5200000000000005,2,1700
551,8.85,2.515819209039548,7.96,3,1700
552,12.25,2.51469387755102,11.,4,1700
553,29.9,2.509745819397993,26.84,5,1700
554,37.1,2.5077520215633418,33.32,6,1700
555,44.3,2.5057923250564333,39.800000000000004,7,1700
556,51.4,2.503828793774319,46.160000000000004,8,1700
557,3.1,2.4290322580645163,3.6,1,1701
558,5.05,2.4306930693069306,5.84,2,1701
559,8.85,2.4333333333333336,10.28,3,1701
560,12.25,2.4355102040816323,14.200000000000001,4,1701
561,29.9,2.4462943143812708,34.68,5,1701
562,37.1,2.4507493261455524,43.04,6,1701
563,44.3,2.4551376975169297,51.4,7,1701
564,51.4,2.4595758754863812,59.64,8,1701
565,3.1,2.720967741935484,2.88,1,1702
566,5.05,2.717821782178218,4.68,2,1702
567,8.85,2.711864406779661,8.16,3,1702
568,12.25,2.7069387755102037,11.32,4,1702
569,29.9,2.679973244147157,27.64,5,1702
570,37.1,2.668954177897574,34.28,6,1702
571,44.3,2.657909706546275,40.96,7,1702
572,51.4,2.6470389105058363,47.52,8,1702
573,3.1,2.3209677419354837,2.96,1,1703
574,5.05,2.3217821782178216,4.84,2,1703
575,8.85,2.3254237288135595,8.52,3,1703
576,12.25,2.3281632653061224,11.76,4,1703
577,29.9,2.343498327759197,28.72,5,1703
578,37.1,2.3497574123989216,35.68,6,1703
579,44.3,2.3559774266365685,42.6,7,1703
580,51.4,2.3620739299610896,49.4,8,1703
581,3.1,-1.064516129032258,8.040000000000001,1,1730
582,5.05,-1.0663366336633664,13.120000000000001,2,1730
583,8.85,-1.071186440677966,23.,3,1730
584,12.25,-1.0755102040816324,31.8,4,1730
585,29.9,-1.0978929765886287,77.68,5,1730
586,37.1,-1.1070619946091642,96.36,6,1730
587,44.3,-1.1163205417607223,115.08,7,1730
588,51.4,-1.125373540856031,133.56,8,1730
589,3.1,-1.6193548387096774,6.28,1,1731
590,5.05,-1.603960396039604,10.24,2,1731
591,8.85,-1.5745762711864408,17.96,3,1731
592,12.25,-1.5481632653061224,24.88,4,1731
593,29.9,-1.4103745819397993,61.2,5,1731
594,37.1,-1.3531266846361185,76.32000000000001,6,1731
595,44.3,-1.294609480812641,91.68,7,1731
596,51.4,-1.2357743190661479,107.2,8,1731
597,3.1,-0.3790322580645161,-8.24,1,1777
598,5.05,-0.402970297029703,-13.4,2,1777
599,8.85,-0.4480225988700565,-23.56,3,1777
600,12.25,-0.4889795918367347,-32.64,4,1777
601,29.9,-0.7054715719063545,-81.16,5,1777
602,37.1,-0.7986792452830187,-102.,6,1777
603,44.3,-0.8958961625282166,-123.84,7,1777
604,51.4,-0.9987003891050583,-146.76,8,1777
605,3.1,-1.8935483870967742,-1.56,1,1778
606,5.05,-1.8475247524752476,-2.56,2,1778
607,8.85,-1.756497175141243,-4.48,3,1778
608,12.25,-1.673469387755102,-6.28,4,1778
609,29.9,-1.1827224080267558,-16.76,5,1778
610,37.1,-0.8982048517520215,-22.84,6,1778
611,3.1,0.6016129032258064,0.84,1,1783
612,5.05,0.6059405940594059,1.36,2,1783
613,8.85,0.6141242937853107,2.36,3,1783
614,12.25,0.6220408163265305,3.24,4,1783
615,29.9,0.6614648829431438,7.96,5,1783
616,37.1,0.6775256064690026,9.88,6,1783
617,44.3,0.6936613995485327,11.8,7,1783
618,51.4,0.7096342412451362,13.68,8,1783
619,3.1,0.5387096774193548,2.52,1,1785
620,5.05,0.5425742574257426,4.08,2,1785
621,8.85,0.5508474576271186,7.16,3,1785
622,12.25,0.5583673469387754,9.92,4,1785
623,29.9,0.5959665551839465,24.2,5,1785
624,37.1,0.6113584905660376,30.04,6,1785
625,44.3,0.6267358916478555,35.88,7,1785
626,51.4,0.641964980544747,41.64,8,1785
627,3.1,0.6080645161290322,1.48,1,1787
628,5.05,0.602970297029703,2.44,2,1787
629,8.85,0.5937853107344633,4.24,3,1787
630,12.25,0.5857142857142856,5.88,4,1787
631,29.9,0.5424080267558528,14.36,5,1787
632,37.1,0.524754716981132,17.84,6,1787
633,44.3,0.5070835214446952,21.32,7,1787
634,51.4,0.48962645914396885,24.76,8,1787
635,3.1,-3.020967741935484,0.68,1,1793
636,5.05,-3.001980198019802,1.12,2,1793
637,8.85,-2.9649717514124294,1.96,3,1793
638,12.25,-2.9318367346938774,2.72,4,1793
639,29.9,-2.757070234113712,6.76,5,1793
640,37.1,-2.6831590296495955,8.48,6,1793
641,44.3,-2.6075620767494354,10.200000000000001,7,1793
642,51.4,-2.52936186770428,12.,8,1793
643,3.1,0.8419354838709677,-0.2,1,1795
644,5.05,0.8386138613861386,-0.32,2,1795
645,8.85,0.8293785310734464,-0.56,3,1795
646,12.25,0.8216326530612245,-0.76,4,1795
647,29.9,0.7812040133779263,-1.8800000000000001,5,1795
648,37.1,0.7646792452830188,-2.32,6,1795
649,44.3,0.7480767494356658,-2.8000000000000003,7,1795
650,51.4,0.7317276264591439,-3.24,8,1795
651,3.1,-0.1,8.08,1,1806
652,5.05,-0.10594059405940594,13.16,2,1806
653,8.85,-0.11751412429378531,23.080000000000002,3,1806
654,12.25,-0.1277551020408163,31.92,4,1806
655,29.9,-0.18046153846153845,78.,5,1806
656,37.1,-0.20216711590296493,96.88,6,1806
657,44.3,-0.22372460496613994,115.76,7,1806
658,51.4,-0.24527626459143967,134.44,8,1806
659,3.1,-0.008064516129032258,14.040000000000001,1,1809
660,5.05,-0.009900990099009901,22.88,2,1809
661,8.85,-0.012429378531073447,40.12,3,1809
662,12.25,-0.014693877551020407,55.52,4,1809
663,29.9,-0.02751839464882943,135.52,5,1809
664,37.1,-0.03271698113207547,168.16,6,1809
665,44.3,-0.03799097065462754,200.8,7,1809
666,51.4,-0.0431284046692607,233.,8,1809
667,3.1,2.556451612903226,17.96,1,1815
668,5.05,2.5346534653465347,29.28,2,1815
669,8.85,2.4937853107344634,51.4,3,1815
670,12.25,2.457142857142857,71.24,4,1815
671,29.9,2.2616254180602007,176.52,5,1815
672,37.1,2.178840970350404,221.28,6,1815
673,44.3,2.0922663656884875,267.76,7,1815
674,51.4,2.0030233463035017,315.84000000000003,8,1815
675,3.1,1.5725806451612903,5.12,1,1816
676,5.05,1.603960396039604,8.36,2,1816
677,8.85,1.6661016949152543,14.68,3,1816
678,12.25,1.7216326530612243,20.36,4,1816
679,29.9,2.0272642140468227,51.56,5,1816
680,37.1,2.1658274932614554,65.76,6,1816
681,44.3,2.3209796839729115,81.60000000000001,7,1816
682,3.1,1.2225806451612904,9.32,1,1818
683,5.05,1.2247524752475247,15.16,2,1818
684,8.85,1.2310734463276836,26.6,3,1818
685,12.25,1.2363265306122448,36.800000000000004,4,1818
686,29.9,1.2637993311036788,89.88,5,1818
687,37.1,1.2751374663072774,111.56,6,1818
688,44.3,1.2863972911963881,133.24,7,1818
689,51.4,1.297622568093385,154.64000000000001,8,1818
690,3.1,1.8370967741935484,5.28,1,1821
691,5.05,1.8465346534653466,8.6,2,1821
692,8.85,1.8672316384180792,15.08,3,1821
693,12.25,1.8853061224489793,20.88,4,1821
694,29.9,1.9798461538461538,51.120000000000005,5,1821
695,37.1,2.018738544474393,63.56,6,1821
696,44.3,2.057882618510158,76.12,7,1821
697,51.4,2.0970856031128404,88.60000000000001,8,1821
698,3.1,2.6241935483870966,1.2,1,1823
699,5.05,2.613861386138614,1.96,2,1823
700,8.85,2.593220338983051,3.48,3,1823
701,12.25,2.57469387755102,4.8,4,1823
702,29.9,2.4773377926421403,11.76,5,1823
703,37.1,2.4372776280323447,14.64,6,1823
704,44.3,2.3967313769751692,17.52,7,1823
705,51.4,2.3563190661478597,20.400000000000002,8,1823
706,3.1,1.8596774193548387,4.64,1,1829
707,5.05,1.816831683168317,7.5600000000000005,2,1829
708,8.85,1.732768361581921,13.32,3,1829
709,12.25,1.656734693877551,18.56,4,1829
710,29.9,1.217859531772575,48.72,5,1829
711,37.1,0.9862749326145551,64.64,6,1829
712,3.1,2.891935483870968,0.84,1,1869
713,5.05,2.896039603960396,1.36,2,1869
714,8.85,2.9033898305084747,2.36,3,1869
715,12.25,2.9093877551020406,3.2800000000000002,4,1869
716,29.9,2.9421939799331103,7.96,5,1869
717,37.1,2.955342318059299,9.92,6,1869
718,44.3,2.9688216704288934,11.84,7,1869
719,51.4,2.9818793774319063,13.72,8,1869
720,3.1,0.864516129032258,-0.68,1,1871
721,5.05,0.8514851485148515,-1.08,2,1871
722,8.85,0.827683615819209,-1.92,3,1871
723,12.25,0.8065306122448979,-2.64,4,1871
724,29.9,0.6939866220735785,-6.48,5,1871
725,37.1,0.6475579514824797,-8.040000000000001,6,1871
726,44.3,0.6004108352144469,-9.64,7,1871
727,51.4,0.5533268482490272,-11.24,8,1871
728,3.1,2.640322580645161,-0.08,1,1872
729,5.05,2.6455445544554457,-0.12,2,1872
730,8.85,2.6559322033898307,-0.2,3,1872
731,12.25,2.665306122448979,-0.24,4,1872
732,29.9,2.7149966555183944,-0.6,5,1872
733,37.1,2.7353045822102424,-0.76,6,1872
734,44.3,2.7556117381489837,-0.92,7,1872
735,51.4,2.775762645914397,-1.08,8,1872
736,3.1,2.096774193548387,-1.12,1,1873
737,5.05,2.096039603960396,-1.8,2,1873
738,8.85,2.0937853107344635,-3.16,3,1873
739,12.25,2.0918367346938775,-4.36,4,1873
740,29.9,2.0825284280936454,-10.6,5,1873
741,37.1,2.0786738544474392,-13.16,6,1873
742,44.3,2.0747674943566587,-15.72,7,1873
743,51.4,2.0709571984435797,-18.240000000000002,8,1873
744,3.1,2.0580645161290323,-0.92,1,1875
745,5.05,2.0574257425742575,-1.48,2,1875
746,8.85,2.057627118644068,-2.6,3,1875
747,12.25,2.057142857142857,-3.6,4,1875
748,29.9,2.0556923076923077,-8.8,5,1875
749,37.1,2.0550296495956872,-10.92,6,1875
750,44.3,2.054352144469526,-13.08,7,1875
751,51.4,2.053692607003891,-15.16,8,1875
752,3.1,-2.7048387096774196,2.16,1,1890
753,5.05,-2.718811881188119,3.52,2,1890
754,8.85,-2.744632768361582,6.2,3,1890
755,12.25,-2.767755102040816,8.56,4,1890
756,29.9,-2.889545150501672,21.04,5,1890
757,37.1,-2.9399460916442046,26.240000000000002,6,1890
758,44.3,-2.9911557562076747,31.44,7,1890
759,51.4,-3.0425369649805445,36.72,8,1890
760,3.1,0.22741935483870968,-1.36,1,1892
761,5.05,0.23663366336633665,-2.24,2,1892
762,8.85,0.25649717514124293,-3.92,3,1892
763,12.25,0.273469387755102,-5.44,4,1892
764,29.9,0.36353846153846153,-13.32,5,1892
765,37.1,0.400576819407008,-16.56,6,1892
766,44.3,0.4379322799097065,-19.8,7,1892
767,51.4,0.4750077821011673,-23.04,8,1892
768,3.1,-2.7806451612903227,2.04,1,1920
769,5.05,-2.7861386138613864,3.3200000000000003,2,1920
770,8.85,-2.7977401129943504,5.84,3,1920
771,12.25,-2.8085714285714283,8.08,4,1920
772,29.9,-2.8630501672240802,19.72,5,1920
773,37.1,-2.8853261455525603,24.48,6,1920
774,44.3,-2.9078058690744917,29.240000000000002,7,1920
775,51.4,-2.9299533073929958,33.96,8,1920
776,3.1,3.1,-1.8800000000000001,1,1928
777,5.05,3.103960396039604,-3.04,2,1928
778,8.85,3.1107344632768363,-5.32,3,1928
779,12.25,3.1167346938775506,-7.4,4,1928
780,29.9,-3.134709030100334,-18.04,5,1928
781,37.1,-3.121676549865229,-22.36,6,1928
782,44.3,-3.1088126410835213,-26.72,7,1928
783,51.4,-3.095918287937743,-31.04,8,1928
784,3.1,0.06290322580645161,10.4,1,1945
785,5.05,0.06336633663366337,16.92,2,1945
786,8.85,0.06384180790960452,29.68,3,1945
787,12.25,0.06489795918367346,41.08,4,1945
788,3.1,-0.01129032258064516,8.8,1,1947
789,5.05,-0.009900990099009901,14.32,2,1947
790,8.85,-0.00847457627118644,25.080000000000002,3,1947
791,12.25,-0.006938775510204081,34.72,4,1947
792,29.9,0.0006822742474916388,84.76,5,1947
793,37.1,0.0037574123989218325,105.2,6,1947
794,44.3,0.0068306997742663645,125.60000000000001,7,1947
795,51.4,0.009922178988326848,145.72,8,1947
796,3.1,-0.3016129032258065,14.72,1,1954
797,5.05,-0.30396039603960395,24.,2,1954
798,8.85,-0.3096045197740113,42.04,3,1954
799,12.25,-0.31469387755102035,58.2,4,1954
800,29.9,-0.3411371237458194,142.08,5,1954
801,37.1,-0.3519137466307277,176.32,6,1954
802,44.3,-0.36264108352144464,210.56,7,1954
803,51.4,-0.373272373540856,244.4,8,1954
804,3.1,2.5306451612903227,-1.72,1,1970
805,5.05,2.499009900990099,-2.7600000000000002,2,1970
806,8.85,2.4384180790960452,-4.88,3,1970
807,12.25,2.383265306122449,-6.76,4,1970
808,29.9,2.082983277591973,-17.080000000000002,5,1970
809,37.1,1.9464312668463608,-21.76,6,1970
810,44.3,1.7953227990970653,-26.96,7,1970
811,51.4,1.6181089494163423,-33.04,8,1970
812,3.1,2.267741935483871,3.6,1,1974
813,5.05,2.2752475247524755,5.88,2,1974
814,8.85,2.2898305084745765,10.32,3,1974
815,12.25,2.3028571428571425,14.280000000000001,4,1974
816,29.9,2.3694247491638794,34.92,5,1974
817,37.1,2.3966792452830186,43.36,6,1974
818,44.3,2.4240541760722345,51.84,7,1974
819,51.4,2.4511750972762645,60.28,8,1974
820,3.1,1.4951612903225806,-0.64,1,1975
821,5.05,1.4722772277227723,-1.,2,1975
822,8.85,1.424858757062147,-1.76,3,1975
823,12.25,1.3828571428571428,-2.48,4,1975
824,29.9,1.158046822742475,-6.16,5,1975
825,37.1,1.0610566037735847,-7.72,6,1975
826,44.3,0.9589074492099322,-9.4,7,1975
827,51.4,0.851124513618677,-11.16,8,1975
828,3.1,2.120967741935484,-0.12,1,1978
829,5.05,2.127722772277228,-0.2,2,1978
830,8.85,2.1401129943502823,-0.36,3,1978
831,12.25,2.151020408163265,-0.48,4,1978
832,29.9,2.2086354515050166,-1.16,5,1978
833,37.1,2.2322695417789755,-1.44,6,1978
834,44.3,2.2558961625282166,-1.72,7,1978
835,51.4,2.2792568093385213,-2.,8,1978
836,3.1,-3.0516129032258066,0.,1,2000
837,5.05,-3.0504950495049505,-0.04,2,2000
838,8.85,-3.0502824858757065,-0.04,3,2000
839,12.25,-3.0493877551020407,-0.04,4,2000
840,29.9,-3.046354515050167,-0.16,5,2000
841,37.1,-3.0449703504043124,-0.16,6,2000
842,44.3,-3.043729119638826,-0.2,7,2000
843,51.4,-3.0424046692607,-0.24,8,2000
844,3.1,-2.9870967741935486,-0.76,1,2002
845,5.05,-2.997029702970297,-1.24,2,2002
846,8.85,-3.0146892655367235,-2.2,3,2002
847,12.25,-3.0310204081632652,-3.04,4,2002
848,29.9,-3.1152642140468227,-7.44,5,2002
849,37.1,3.133407008086253,-9.24,6,2002
850,44.3,3.098374717832957,-11.040000000000001,7,2002
851,51.4,3.063704280155642,-12.84,8,2002
852,3.1,-3.1274193548387097,1.92,1,2003
853,5.05,-3.114851485148515,3.12,2,2003
854,8.85,-3.092090395480226,5.44,3,2003
855,12.25,-3.071836734693877,7.5600000000000005,4,2003
856,29.9,-2.964822742474916,18.52,5,2003
857,37.1,-2.920425876010781,23.080000000000002,6,2003
858,44.3,-2.8759548532731376,27.64,7,2003
859,51.4,-2.8310622568093384,32.2,8,2003
860,3.1,2.4741935483870967,-9.92,1,2009
861,5.05,2.4514851485148514,-16.16,2,2009
862,8.85,2.4084745762711863,-28.36,3,2009
863,12.25,2.369795918367347,-39.32,4,2009
864,29.9,2.16428762541806,-97.56,5,2009
865,37.1,2.076474393530997,-122.44,6,2009
866,44.3,1.9849706546275392,-148.4,7,2009
867,51.4,1.889182879377432,-175.44,8,2009
868,3.1,1.8919354838709677,0.16,1,2042
869,5.05,1.8960396039603962,0.24,2,2042
870,8.85,1.9033898305084747,0.44,3,2042
871,12.25,1.910612244897959,0.6,4,2042
872,29.9,1.9477792642140468,1.52,5,2042
873,37.1,1.963018867924528,1.8800000000000001,6,2042
874,44.3,1.978139954853273,2.24,7,2042
875,51.4,1.9931673151750973,2.6,8,2042
876,3.1,2.77258064516129,1.08,1,2046
877,5.05,2.7712871287128715,1.76,2,2046
878,8.85,2.7689265536723164,3.12,3,2046
879,12.25,2.76734693877551,4.32,4,2046
880,29.9,2.7580936454849496,10.52,5,2046
881,37.1,2.7543665768194066,13.08,6,2046
882,44.3,2.7506997742663652,15.6,7,2046
883,51.4,2.747054474708171,18.080000000000002,8,2046
884,3.1,2.6161290322580646,1.4000000000000001,1,2049
885,5.05,2.618811881188119,2.32,2,2049
886,8.85,2.6254237288135593,4.04,3,2049
887,12.25,2.6314285714285712,5.6000000000000005,4,2049
888,29.9,2.6624615384615384,13.64,5,2049
889,37.1,2.6749110512129377,16.92,6,2049
890,44.3,2.6876117381489837,20.2,7,2049
891,51.4,2.6999571984435797,23.44,8,2049
892,3.1,2.767741935483871,1.4000000000000001,1,2050
893,5.05,2.7663366336633666,2.2800000000000002,2,2050
894,8.85,2.7649717514124297,4.,3,2050
895,12.25,2.763265306122449,5.5600000000000005,4,2050
896,29.9,2.7544548494983276,13.56,5,2050
897,37.1,2.7509757412398916,16.84,6,2050
898,44.3,2.747399548532731,20.080000000000002,7,2050
899,51.4,2.7438793774319064,23.32,8,2050
900,3.1,2.632258064516129,1.56,1,2051
901,5.05,2.632673267326733,2.56,2,2051
902,8.85,2.6333333333333333,4.44,3,2051
903,12.25,2.634285714285714,6.16,4,2051
904,29.9,2.6397190635451504,15.040000000000001,5,2051
905,37.1,2.641919137466307,18.68,6,2051
906,44.3,2.6440948081264106,22.28,7,2051
907,51.4,2.6462451361867703,25.88,8,2051
908,3.1,2.696774193548387,1.44,1,2054
909,5.05,2.697029702970297,2.36,2,2054
910,8.85,2.6988700564971753,4.16,3,2054
911,12.25,2.700816326530612,5.76,4,2054
912,29.9,2.709765886287625,14.08,5,2054
913,37.1,2.7134016172506734,17.44,6,2054
914,44.3,2.717083521444695,20.84,7,2054
915,51.4,2.720661478599222,24.16,8,2054
916,3.1,2.5451612903225804,2.32,1,2070
917,5.05,2.5455445544554456,3.7600000000000002,2,2070
918,8.85,2.548587570621469,6.6000000000000005,3,2070
919,12.25,2.550612244897959,9.120000000000001,4,2070
920,29.9,2.561598662207358,22.240000000000002,5,2070
921,37.1,2.566129380053908,27.6,6,2070
922,44.3,2.5706455981941305,32.96,7,2070
923,51.4,2.5750700389105057,38.24,8,2070
924,3.1,-3.0080645161290325,-6.68,1,2079
925,5.05,-3.013861386138614,-10.88,2,2079
926,8.85,-3.024293785310735,-19.04,3,2079
927,12.25,-3.0334693877551016,-26.36,4,2079
928,29.9,-3.082060200668896,-64.36,5,2079
929,37.1,-3.101973045822102,-79.92,6,2079
930,44.3,-3.1218600451467267,-95.52,7,2079
931,51.4,3.1415603112840467,-110.92,8,2079
932,3.1,-3.0806451612903225,-15.4,1,2080
933,5.05,-3.0524752475247525,-25.12,2,2080
934,8.85,-2.995480225988701,-44.12,3,2080
935,12.25,-2.944897959183673,-61.2,4,2080
936,29.9,-2.6695117056856184,-153.92000000000002,5,2080
937,37.1,-2.5470673854447434,-195.12,6,2080
938,44.3,-2.413769751693002,-240.,7,2080
939,51.4,-2.2650350194552527,-290.04,8,2080
940,3.1,2.575806451612903,-2.68,1,2083
941,5.05,2.5653465346534654,-4.36,2,2083
942,8.85,2.5463276836158193,-7.68,3,2083
943,12.25,2.5289795918367344,-10.6,4,2083
944,29.9,2.4392441471571904,-26.,5,2083
945,37.1,2.4022695417789754,-32.32,6,2083
946,44.3,2.3650338600451466,-38.68,7,2083
947,51.4,2.3280077821011673,-45.,8,2083
948,3.1,2.2887096774193547,0.08,1,2084
949,5.05,2.3069306930693068,0.12,2,2084
950,8.85,2.3423728813559324,0.24,3,2084
951,12.25,2.373469387755102,0.32,4,2084
952,29.9,2.5387424749163876,0.84,5,2084
953,37.1,2.607919137466307,1.04,6,2084
954,44.3,2.6792460496613995,1.24,7,2084
955,51.4,2.7518832684824903,1.48,8,2084
956,3.1,0.03870967741935484,14.4,1,2085
957,5.05,0.034653465346534656,23.44,2,2085
958,8.85,0.027118644067796613,41.08,3,2085
959,12.25,0.02040816326530612,56.84,4,2085
960,29.9,-0.015351170568561872,138.8,5,2085
961,37.1,-0.029876010781671156,172.28,6,2085
962,44.3,-0.04459142212189616,205.8,7,2085
963,51.4,-0.05900389105058365,238.92000000000002,8,2085
964,3.1,-0.3935483870967742,13.6,1,2086
965,5.05,-0.3801980198019802,22.2,2,2086
966,8.85,-0.3525423728813559,38.92,3,2086
967,12.25,-0.3277551020408163,53.88,4,2086
968,29.9,-0.19876923076923075,132.36,5,2086
969,37.1,-0.14525606469002694,164.96,6,2086
970,44.3,-0.09094808126410835,198.08,7,2086
971,51.4,-0.03638132295719844,231.28,8,2086
972,3.1,1.8129032258064517,4.5200000000000005,1,2089
973,5.05,1.7722772277227723,7.4,2,2089
974,8.85,1.690960451977401,13.,3,2089
975,12.25,1.617142857142857,18.12,4,2089
976,29.9,1.1942073578595316,47.28,5,2089
977,37.1,0.9765606469002694,62.32,6,2089
978,3.1,-1.3048387096774194,3.48,1,2090
979,5.05,-1.2683168316831683,5.68,2,2090
980,8.85,-1.1983050847457628,10.,3,2090
981,12.25,-1.1351020408163264,13.88,4,2090
982,29.9,-0.7815451505016722,35.6,5,2090
983,37.1,-0.613832884097035,45.88,6,2090
984,44.3,-0.41406320541760716,58.160000000000004,7,2090
985,3.1,2.8838709677419354,1.72,1,2094
986,5.05,2.883168316831683,2.8000000000000003,2,2094
987,8.85,2.8824858757062146,4.92,3,2094
988,12.25,2.881224489795918,6.8,4,2094
989,29.9,2.8756722408026754,16.6,5,2094
990,37.1,2.8733207547169806,20.56,6,2094
991,44.3,2.870966139954853,24.560000000000002,7,2094
992,51.4,2.8687003891050584,28.52,8,2094
993,3.1,2.6838709677419357,2.12,1,2095
994,5.05,2.6910891089108913,3.48,2,2095
995,8.85,2.7033898305084745,6.08,3,2095
996,12.25,2.714285714285714,8.4,4,2095
997,29.9,2.772876254180602,20.56,5,2095
998,37.1,2.7967978436657677,25.52,6,2095
999,44.3,2.820848758465011,30.52,7,2095
1000,51.4,2.844622568093385,35.480000000000004,8,2095
1001,3.1,2.703225806451613,0.96,1,2100
1002,5.05,2.7,1.6,2,2100
1003,8.85,2.6943502824858756,2.7600000000000002,3,2100
1004,12.25,2.6893877551020404,3.84,4,2100
1005,29.9,2.662916387959866,9.4,5,2100
1006,37.1,2.6522749326145547,11.64,6,2100
1007,44.3,2.6414853273137693,13.92,7,2100
1008,51.4,2.630898832684825,16.12,8,2100
1009,3.1,2.6564516129032256,1.44,1,2101
1010,5.05,2.6584158415841586,2.32,2,2101
1011,8.85,2.6627118644067798,4.08,3,2101
1012,12.25,2.6661224489795914,5.64,4,2101
1013,29.9,2.6832709030100332,13.8,5,2101
1014,37.1,2.690307277628032,17.16,6,2101
1015,44.3,2.697435665914221,20.48,7,2101
1016,51.4,2.7043891050583655,23.76,8,2101
1017,3.1,2.7225806451612904,1.56,1,2103
1018,5.05,2.721782178217822,2.52,2,2103
1019,8.85,2.7197740112994353,4.44,3,2103
1020,12.25,2.7179591836734693,6.12,4,2103
1021,29.9,2.7078327759197323,14.96,5,2103
1022,37.1,2.7036873315363876,18.56,6,2103
1023,44.3,2.6996613995485323,22.16,7,2103
1024,51.4,2.695591439688716,25.68,8,2103
1025,3.1,2.641935483870968,1.36,1,2104
1026,5.05,2.6425742574257427,2.2,2,2104
1027,8.85,2.6440677966101696,3.84,3,2104
1028,12.25,2.644897959183673,5.32,4,2104
1029,29.9,2.6502943143812705,12.96,5,2104
1030,37.1,2.652458221024258,16.080000000000002,6,2104
1031,44.3,2.6546862302483065,19.2,7,2104
1032,51.4,2.656828793774319,22.28,8,2104
1033,3.1,2.6306451612903228,1.52,1,2105
1034,5.05,2.62970297029703,2.48,2,2105
1035,8.85,2.6293785310734465,4.36,3,2105
1036,12.25,2.628163265306122,6.,4,2105
1037,29.9,2.623458193979933,14.68,5,2105
1038,37.1,2.6214824797843663,18.2,6,2105
1039,44.3,2.619534988713318,21.72,7,2105
1040,51.4,2.6176031128404667,25.240000000000002,8,2105
1041,3.1,2.988709677419355,2.32,1,2115
1042,5.05,2.986138613861386,3.8000000000000003,2,2115
1043,8.85,2.980225988700565,6.640000000000001,3,2115
1044,12.25,2.9751020408163265,9.200000000000001,4,2115
1045,29.9,2.9494715719063542,22.44,5,2115
1046,37.1,2.938938005390835,27.84,6,2115
1047,44.3,2.928374717832957,33.24,7,2115
1048,51.4,2.9179805447470817,38.6,8,2115
1049,3.1,-2.946774193548387,2.08,1,2117
1050,5.05,-2.9504950495049505,3.4,2,2117
1051,8.85,-2.9570621468926555,5.96,3,2117
1052,12.25,-2.963673469387755,8.28,4,2117
1053,29.9,-2.9962073578595314,20.2,5,2117
1054,37.1,-3.009504043126684,25.04,6,2117
1055,44.3,-3.0229300225733633,29.92,7,2117
1056,51.4,-3.036054474708171,34.76,8,2117
1057,3.1,-3.108064516129032,2.68,1,2118
1058,5.05,-3.107920792079208,4.36,2,2118
1059,8.85,-3.1062146892655367,7.6000000000000005,3,2118
1060,12.25,-3.1044897959183673,10.52,4,2118
1061,29.9,-3.0961605351170567,25.72,5,2118
1062,37.1,-3.092808625336927,31.88,6,2118
1063,44.3,-3.0894717832957106,38.08,7,2118
1064,51.4,-3.0861284046692607,44.2,8,2118
1065,3.1,1.7903225806451613,0.76,1,2122
1066,5.05,1.7821782178217822,1.24,2,2122
1067,8.85,1.765536723163842,2.16,3,2122
1068,12.25,1.750612244897959,3.,4,2122
1069,29.9,1.673391304347826,7.36,5,2122
1070,37.1,1.6417142857142855,9.16,6,2122
1071,44.3,1.6098194130925507,10.96,7,2122
1072,51.4,1.5781556420233462,12.76,8,2122
1073,3.1,1.3709677419354838,-1.2,1,2123
1074,5.05,1.3861386138613863,-2.,2,2123
1075,8.85,1.4152542372881356,-3.48,3,2123
1076,12.25,1.4412244897959183,-4.8,4,2123
1077,29.9,1.5776454849498327,-11.84,5,2123
1078,37.1,1.634474393530997,-14.76,6,2123
1079,44.3,1.6924018058690744,-17.72,7,2123
1080,51.4,1.7506031128404669,-20.72,8,2123
1081,3.1,2.641935483870968,2.2,1,2134
1082,5.05,2.631683168316832,3.6,2,2134
1083,8.85,2.6124293785310737,6.28,3,2134
1084,12.25,2.59469387755102,8.68,4,2134
1085,29.9,2.502923076923077,21.32,5,2134
1086,37.1,2.4653207547169806,26.48,6,2134
1087,44.3,2.427200902934537,31.720000000000002,7,2134
1088,51.4,2.389326848249027,36.92,8,2134
1089,3.1,2.9419354838709677,2.64,1,2135
1090,5.05,2.9435643564356435,4.28,2,2135
1091,8.85,2.948587570621469,7.48,3,2135
1092,12.25,2.9530612244897956,10.36,4,2135
1093,29.9,2.9757391304347824,25.28,5,2135
1094,37.1,2.9849433962264147,31.36,6,2135
1095,44.3,2.994302483069977,37.480000000000004,7,2135
1096,51.4,3.0033774319066144,43.480000000000004,8,2135
1097,3.1,2.564516129032258,1.32,1,2148
1098,5.05,2.5663366336633664,2.12,2,2148
1099,8.85,2.5694915254237287,3.72,3,2148
1100,12.25,2.5718367346938775,5.16,4,2148
1101,29.9,2.585023411371237,12.6,5,2148
1102,37.1,2.5903234501347705,15.64,6,2148
1103,44.3,2.5955891647855527,18.68,7,2148
1104,51.4,2.600801556420233,21.68,8,2148
1105,3.1,2.496774193548387,1.8,1,2156
1106,5.05,2.495049504950495,2.92,2,2156
1107,8.85,2.4926553672316385,5.08,3,2156
1108,12.25,2.490204081632653,7.04,4,2156
1109,29.9,2.4788160535117054,17.2,5,2156
1110,37.1,2.474118598382749,21.36,6,2156
1111,44.3,2.46941309255079,25.52,7,2156
1112,51.4,2.464735408560311,29.6,8,2156
1113,3.1,2.632258064516129,1.52,1,2158
1114,5.05,2.630693069306931,2.44,2,2158
1115,8.85,2.6282485875706216,4.32,3,2158
1116,12.25,2.626122448979592,5.96,4,2158
1117,29.9,2.6153846153846154,14.56,5,2158
1118,37.1,2.6109433962264146,18.080000000000002,6,2158
1119,44.3,2.6065643340857787,21.56,7,2158
1120,51.4,2.602256809338521,25.04,8,2158
1121,3.1,2.696774193548387,2.24,1,2164
1122,5.05,2.696039603960396,3.68,2,2164
1123,8.85,2.692090395480226,6.44,3,2164
1124,12.25,2.688571428571428,8.88,4,2164
1125,29.9,2.6708762541806017,21.68,5,2164
1126,37.1,2.663730458221024,26.92,6,2164
1127,44.3,2.6566049661399544,32.160000000000004,7,2164
1128,51.4,2.649486381322957,37.32,8,2164
1129,3.1,0.32903225806451614,3.08,1,2151
1130,5.05,0.3287128712871287,5.,2,2151
1131,8.85,0.3276836158192091,8.72,3,2151
1132,12.25,0.3261224489795918,12.040000000000001,4,2151
1133,29.9,0.3189632107023411,29.080000000000002,5,2151
1134,37.1,0.3158059299191374,35.88,6,2151
1135,44.3,0.3126004514672686,42.64,7,2151
1136,51.4,0.3092412451361867,49.2,8,2151
1137,3.1,-1.7241935483870967,-5.88,1,2152
1138,5.05,-1.7227722772277227,-9.56,2,2152
1139,8.85,-1.72090395480226,-16.76,3,2152
1140,12.25,-1.7195918367346936,-23.2,4,2152
1141,29.9,-1.7102341137123744,-56.6,5,2152
1142,37.1,-1.706140161725067,-70.2,6,2152
1143,44.3,-1.7019954853273136,-83.8,7,2152
1144,51.4,-1.6976186770428014,-97.2,8,2152
0,0,0,0,0
