,sample,loss,purity,efficiency
0,1,0.0027389086317270994,0.47418099641799927,0.9988304376602173
1,2,0.002713383175432682,0.47327977418899536,1.0
2,3,0.0026885156985372305,0.47784578800201416,1.0
3,4,0.002672801725566387,0.47848933935165405,1.0
4,5,0.0027145773638039827,0.4786226749420166,1.0
5,6,0.0027332715690135956,0.46408164501190186,1.0
6,7,0.0026672924868762493,0.4816983938217163,1.0
7,8,0.0027597832959145308,0.45638787746429443,1.0
8,9,0.0027224640361964703,0.46070536971092224,1.0
9,10,0.002755617257207632,0.4628138244152069,1.0
10,11,0.0027039002161473036,0.48466256260871887,1.0
11,12,0.0027195450384169817,0.46562397480010986,0.9989514350891113
12,13,0.0035252398811280727,0.37894248962402344,0.9915048480033875
13,14,0.0026588423643261194,0.4820592701435089,0.9962385892868042
14,15,0.0028110926505178213,0.47077083587646484,0.9956236481666565
15,16,0.002648774767294526,0.45727041363716125,0.9903314709663391
16,17,0.0028113266453146935,0.472746342420578,1.0
17,18,0.0029212103690952063,0.4351724088191986,1.0
18,19,0.0028014518320560455,0.45632004737854004,0.9970439076423645
19,20,0.002659969264641404,0.4822424352169037,1.0
20,21,0.0027171620167791843,0.4672293961048126,1.0
21,22,0.002627960406243801,0.4725300669670105,0.999002993106842
22,23,0.0027090355288237333,0.48406514525413513,0.994905412197113
23,24,0.0028150593861937523,0.46557626128196716,1.0
24,25,0.0027973693795502186,0.46537601947784424,1.0
25,26,0.0027017027605324984,0.5041427612304688,1.0
26,27,0.002812797436490655,0.4471316933631897,1.0
27,28,0.0027361707761883736,0.4514189660549164,1.0
28,29,0.0027416127268224955,0.4769230782985687,1.0
29,30,0.0027468898333609104,0.46982479095458984,0.9990800619125366
30,31,0.0028881581965833902,0.4377962052822113,1.0
31,32,0.0027912163641303778,0.4573516249656677,0.9996740818023682
32,33,0.002651095623150468,0.492015540599823,1.0
33,34,0.0033295510802417994,0.3987704813480377,1.0
34,35,0.002746415324509144,0.4794933795928955,0.9888059496879578
35,36,0.002791718812659383,0.4555620849132538,1.0
36,37,0.0027932110242545605,0.45816734433174133,1.0
37,38,0.00276489881798625,0.47036510705947876,1.0
38,39,0.0027512446977198124,0.46803534030914307,1.0
39,40,0.002754325047135353,0.4642958641052246,1.0
40,41,0.002678625052794814,0.4705294668674469,0.9922752976417542
41,42,0.002805348951369524,0.4662691056728363,0.9976076483726501
42,43,0.0027397405356168747,0.4647577106952667,1.0
43,44,0.002815448911860585,0.46484896540641785,0.9959908127784729
44,45,0.0026568658649921417,0.4771609306335449,0.9948717951774597
45,46,0.002709619700908661,0.46204423904418945,1.0
46,47,0.00282685412093997,0.4271289110183716,1.0
47,48,0.002678382908925414,0.48153847455978394,1.0
48,49,0.0027696555480360985,0.454247385263443,0.9973822236061096
49,50,0.0027836293447762728,0.4519108831882477,0.9995993375778198
50,51,0.0027261655777692795,0.4670904874801636,1.0
51,52,0.002790686208754778,0.47705262899398804,0.9947322010993958
52,53,0.0028720125555992126,0.4532301425933838,0.9985173940658569
53,54,0.0027442676946520805,0.4708239436149597,0.9973474740982056
54,55,0.0026455679908394814,0.4884965121746063,1.0
55,56,0.0028227621223777533,0.45620715618133545,0.997225284576416
56,57,0.0027296363841742277,0.4706878364086151,0.9968624114990234
57,58,0.002803147304803133,0.44178029894828796,1.0
58,59,0.002709974767640233,0.4708416163921356,1.0
59,60,0.0028045973740518093,0.43416810035705566,1.0
60,61,0.002665754407644272,0.4813300669193268,1.0
61,62,0.0027490013744682074,0.4631783068180084,0.9941763877868652
62,63,0.0028128514531999826,0.43558046221733093,1.0
63,64,0.002877801191061735,0.4362107217311859,1.0
64,65,0.0028005512431263924,0.46889030933380127,1.0
65,66,0.0026490415912121534,0.4755905568599701,1.0
66,67,0.0028233600314706564,0.45510202646255493,0.9960915446281433
67,68,0.002788487821817398,0.46894964575767517,1.0
68,69,0.0026246418710798025,0.478409081697464,0.9976303577423096
69,70,0.0028817986603826284,0.4521869719028473,1.0
70,71,0.0028118095360696316,0.45955750346183777,1.0
71,72,0.002657555742189288,0.48702532052993774,0.996761679649353
72,73,0.0028010897804051638,0.46511030197143555,1.0
73,74,0.0026659213472157717,0.4883478283882141,1.0
74,75,0.002749956911429763,0.46856921911239624,0.9971275925636292
75,76,0.0027891709469258785,0.45493629574775696,1.0
76,77,0.0026779028121382,0.46919432282447815,0.9984076619148254
77,78,0.0028650579042732716,0.43702638149261475,1.0
78,79,0.002694429364055395,0.46254459023475647,0.9993577599525452
79,80,0.002719835378229618,0.46631088852882385,1.0
80,81,0.0028997990302741528,0.4490188658237457,1.0
81,82,0.002859460422769189,0.45280981063842773,1.0
82,83,0.0028079147450625896,0.44523656368255615,0.9992727041244507
83,84,0.0027815501671284437,0.43994247913360596,0.9979246854782104
84,85,0.0026395677123218775,0.4831189811229706,1.0
85,86,0.002783596981316805,0.4552541971206665,0.9975088834762573
86,87,0.002764581935480237,0.45815449953079224,1.0
87,88,0.0027652422431856394,0.44861823320388794,1.0
88,89,0.0027380234096199274,0.46769851446151733,1.0
89,90,0.0027697193436324596,0.4511827826499939,0.9980970621109009
90,91,0.0028298082761466503,0.4402429461479187,1.0
91,92,0.002680603414773941,0.4730120599269867,1.0
92,93,0.002656634896993637,0.48584768176078796,1.0
93,94,0.00278629083186388,0.4552086889743805,1.0
94,95,0.002729284344241023,0.4729037582874298,1.0
95,96,0.0028267819434404373,0.4566606879234314,0.9966517686843872
96,97,0.0027158507145941257,0.48224082589149475,1.0
97,98,0.0027505343314260244,0.456106036901474,1.0
98,99,0.0027649765834212303,0.4591048061847687,1.0
99,100,0.0027566615026444197,0.46369504928588867,0.9982631206512451
100,101,0.002814680337905884,0.45439639687538147,1.0
101,102,0.0027836679946631193,0.4645378291606903,1.0
102,103,0.00279094185680151,0.47325101494789124,1.0
103,104,0.0026423244271427393,0.46901780366897583,0.9951049089431763
104,105,0.0027067079208791256,0.4792614281177521,1.0
105,106,0.0028886436484754086,0.4252656400203705,1.0
106,107,0.0027294675819575787,0.46216127276420593,1.0
107,108,0.0027591357938945293,0.46518176794052124,1.0
108,109,0.0027200509794056416,0.471829354763031,1.0
109,110,0.002706801053136587,0.478890597820282,1.0
110,111,0.0026893054600805044,0.48049697279930115,1.0
111,112,0.002976914867758751,0.4425118565559387,0.9964394569396973
112,113,0.0027979938313364983,0.45664894580841064,0.9988365173339844
113,114,0.002781982533633709,0.4388071298599243,1.0
114,115,0.002886760514229536,0.4422711730003357,1.0
115,116,0.002784794894978404,0.46853873133659363,1.0
116,117,0.0027904133312404156,0.46659597754478455,1.0
117,118,0.0029407781548798084,0.42785003781318665,1.0
118,119,0.0027755966875702143,0.45883533358573914,0.998688817024231
119,120,0.0029835642781108618,0.4134221374988556,1.0
120,121,0.002788610989227891,0.4575657844543457,1.0
121,122,0.0028706316370517015,0.4663212299346924,1.0
122,123,0.002882065949961543,0.44719910621643066,1.0
123,124,0.0026883622631430626,0.47356119751930237,1.0
124,125,0.0026446154806762934,0.4838709533214569,1.0
125,126,0.0026774038560688496,0.48384031653404236,1.0
126,127,0.0027834041975438595,0.4729272425174713,1.0
127,128,0.0027044741436839104,0.4736221730709076,0.9944307208061218
128,129,0.0028842256870120764,0.4496978223323822,1.0
129,130,0.0029467642307281494,0.42621394991874695,1.0
130,131,0.002762802643701434,0.448478639125824,1.0
131,132,0.0027612962294369936,0.4726799726486206,1.0
132,133,0.003126933239400387,0.4092608094215393,1.0
133,134,0.0028106013778597116,0.43939393758773804,0.9991386532783508
134,135,0.0028220349922776222,0.45305317640304565,1.0
135,136,0.002791328588500619,0.45949721336364746,1.0
136,137,0.0027905222959816456,0.4776386320590973,0.9934883713722229
137,138,0.004644834902137518,0.16776646673679352,0.997016191482544
138,139,0.002865956164896488,0.45413532853126526,1.0
139,140,0.0026895187329500914,0.47806841135025024,1.0
140,141,0.0027637463063001633,0.47299936413764954,1.0
141,142,0.0029065017588436604,0.44722503423690796,0.9986480474472046
142,143,0.0028396823909133673,0.43577802181243896,1.0
143,144,0.002818415639922023,0.47729986906051636,1.0
144,145,0.0028431969694793224,0.44311046600341797,1.0
145,146,0.002743234857916832,0.4587118923664093,0.9969284534454346
146,147,0.0027799070812761784,0.45144596695899963,1.0
147,148,0.002785000018775463,0.44667696952819824,1.0
148,149,0.002883195411413908,0.46384137868881226,1.0
149,150,0.0027941493317484856,0.46496981382369995,0.9960651993751526
150,151,0.002698346273973584,0.4732934534549713,1.0
151,152,0.0028268531896173954,0.44413116574287415,1.0
152,153,0.0027008927427232265,0.4492753744125366,1.0
153,154,0.0028124102391302586,0.4514212906360626,0.9967213273048401
154,155,0.002870376920327544,0.4589225649833679,0.996345043182373
155,156,0.0026392696890980005,0.4856346547603607,1.0
156,157,0.002802182687446475,0.4371165633201599,0.9994990229606628
157,158,0.002815263345837593,0.4495508074760437,1.0
158,159,0.002651739399880171,0.4725378751754761,1.0
159,160,0.0026996403466910124,0.4585868716239929,1.0
160,161,0.0027786518912762403,0.44759124517440796,0.998046875
161,162,0.002775814151391387,0.4718356430530548,1.0
162,163,0.002878595143556595,0.44818180799484253,1.0
163,164,0.0027713121380656958,0.4745069742202759,1.0
164,165,0.0028056513983756304,0.4497932195663452,1.0
165,166,0.0027925088070333004,0.4451480507850647,0.9973159432411194
166,167,0.0027786598075181246,0.44266021251678467,1.0
167,168,0.002783386269584298,0.4642438590526581,1.0
168,169,0.0027728737331926823,0.4500540792942047,0.9980008006095886
169,170,0.002820823108777404,0.43166160583496094,0.9987248778343201
170,171,0.002766483696177602,0.46134153008461,0.999445378780365
171,172,0.0029021441005170345,0.4467966556549072,0.9956548810005188
172,173,0.0028400644659996033,0.45470425486564636,1.0
173,174,0.002811327576637268,0.4438997805118561,0.9975520372390747
174,175,0.0028122689109295607,0.4590880572795868,1.0
175,176,0.00281171640381217,0.4587615430355072,1.0
176,177,0.0028608867432922125,0.44812092185020447,1.0
177,178,0.0028395948465913534,0.4384114742279053,0.9994884729385376
178,179,0.0027881693094968796,0.4482177793979645,0.9993742108345032
179,180,0.0028136030305176973,0.44334161281585693,0.9981378316879272
180,181,0.002815436804667115,0.4542965888977051,0.9989966750144958
181,182,0.002728003542870283,0.45175936818122864,1.0
182,183,0.0027256880421191454,0.4685296416282654,1.0
183,185,0.002766729099676013,0.4557602107524872,1.0
184,186,0.002840194618329406,0.4312414228916168,0.9988085627555847
185,187,0.0027718599885702133,0.45428118109703064,0.9965217113494873
186,188,0.002766483696177602,0.4681481420993805,1.0
187,189,0.00267152045853436,0.4650125503540039,1.0
188,190,0.002643468091264367,0.4696657955646515,1.0
189,191,0.002827249001711607,0.45697617530822754,1.0
190,192,0.0026691544335335493,0.4631165564060211,1.0
191,193,0.0028602194506675005,0.43125149607658386,1.0
192,194,0.0028872480615973473,0.426324725151062,1.0
193,195,0.0028006122447550297,0.46805110573768616,1.0
194,196,0.0029000351205468178,0.44720497727394104,0.9968736171722412
195,197,0.002757068257778883,0.46078601479530334,1.0
196,198,0.0026585974264889956,0.4921337366104126,1.0
197,199,0.0027424630243331194,0.4640602171421051,0.999476969242096
198,200,0.0026303045451641083,0.49444442987442017,1.0
199,201,0.002692903159186244,0.4788571298122406,1.0
200,202,0.002684813691303134,0.4782330393791199,0.9966644644737244
201,203,0.0028080143965780735,0.46317872405052185,1.0
202,204,0.002710630651563406,0.439217746257782,0.9922388195991516
203,205,0.0026415507309138775,0.48844778537750244,1.0
204,206,0.002773633226752281,0.44902536273002625,0.9996159672737122
205,207,0.0027955893892794847,0.4549010992050171,1.0
206,208,0.002855071099475026,0.44619524478912354,1.0
207,209,0.0028208328876644373,0.453647255897522,1.0
208,210,0.0027953688986599445,0.4534815549850464,1.0
209,211,0.00268329749815166,0.46290522813796997,1.0
210,212,0.002611951669678092,0.48344042897224426,1.0
211,213,0.002841825596988201,0.4475955665111542,1.0
212,214,0.002916357945650816,0.44463902711868286,0.9969459176063538
213,215,0.002788862679153681,0.4603360593318939,0.9970376491546631
214,216,0.0027166486252099276,0.48503828048706055,1.0
215,217,0.0027110083028674126,0.47688961029052734,1.0
216,218,0.002713944064453244,0.47382286190986633,1.0
217,219,0.002741084899753332,0.4660114645957947,1.0
218,220,0.0028037982992827892,0.44640782475471497,1.0
219,221,0.002710397820919752,0.47148773074150085,0.9993247985839844
220,222,0.0027577190194278955,0.46406203508377075,1.0
221,223,0.002763966331258416,0.49023568630218506,1.0
222,224,0.002788345795124769,0.44927018880844116,1.0
223,225,0.0027527171187102795,0.47246208786964417,1.0
224,226,0.0027290727011859417,0.4722929894924164,0.9993261694908142
225,227,0.002668012399226427,0.47566115856170654,1.0
226,228,0.002696799347177148,0.4528971314430237,0.9969631433486938
227,229,0.002790031023323536,0.4764760136604309,0.9932692050933838
228,230,0.002730930456891656,0.4695734679698944,0.9971819519996643
229,231,0.0028386388439685106,0.46288907527923584,1.0
230,232,0.0026630342472344637,0.4842519760131836,1.0
231,233,0.002788385609164834,0.4580889344215393,1.0
232,234,0.0027504856698215008,0.4381820857524872,1.0
233,235,0.0027745391707867384,0.4547867774963379,1.0
234,236,0.002636164426803589,0.47168347239494324,1.0
235,237,0.0027777121867984533,0.4572876989841461,0.9994459748268127
236,238,0.0027199718169867992,0.4739263951778412,1.0
237,239,0.002925481414422393,0.448243111371994,0.9936842322349548
238,240,0.002945122541859746,0.4291597902774811,1.0
239,241,0.0027231802232563496,0.4666351079940796,1.0
240,242,0.0027018629480153322,0.47810858488082886,0.9987804889678955
241,243,0.002785097574815154,0.4553067088127136,1.0
242,244,0.002771125640720129,0.4543205201625824,1.0
243,245,0.0026191258803009987,0.4911884367465973,0.9954212307929993
244,246,0.0027873471844941378,0.4592511057853699,1.0
245,247,0.0027581395115703344,0.4662097990512848,1.0
246,248,0.002662633080035448,0.45653408765792847,0.9962802529335022
247,249,0.0026468669530004263,0.47238805890083313,1.0
248,250,0.002798773581162095,0.4593425691127777,1.0
249,251,0.0028014169074594975,0.46159350872039795,1.0
250,252,0.002802956383675337,0.44353336095809937,1.0
251,253,0.0027764400001615286,0.46181556582450867,1.0
252,254,0.002762989839538932,0.44946491718292236,0.9989429116249084
253,255,0.002690004650503397,0.4707474410533905,1.0
254,256,0.0027743105310946703,0.4681471586227417,0.9995210766792297
255,257,0.002817972097545862,0.45098039507865906,1.0
256,258,0.002705548657104373,0.4662472903728485,0.9989631772041321
257,259,0.0026759891770780087,0.49024543166160583,1.0
258,260,0.002944760490208864,0.44767844676971436,1.0
259,261,0.002806232078000903,0.47103187441825867,0.9949312210083008
260,262,0.0029645152390003204,0.4240577518939972,1.0
261,263,0.0030153850093483925,0.4335731267929077,0.9923161268234253
262,264,0.0028615037444978952,0.44305428862571716,1.0
263,265,0.0028158226050436497,0.43283194303512573,1.0
264,266,0.0027686215471476316,0.4493202567100525,1.0
265,267,0.0027228640392422676,0.4664367139339447,1.0
266,268,0.002702457131817937,0.4598478376865387,1.0
267,269,0.0027336087077856064,0.4742428958415985,1.0
268,270,0.0026692375540733337,0.49413490295410156,1.0
269,271,0.0027298524510115385,0.4687144458293915,1.0
270,272,0.002707995241507888,0.4748603403568268,1.0
271,273,0.0028359650168567896,0.445793092250824,1.0
272,274,0.002751134103164077,0.471729040145874,0.9994212985038757
273,275,0.0028089135885238647,0.479147344827652,0.9955070614814758
274,276,0.002768153790384531,0.452873557806015,1.0
275,277,0.0028213034383952618,0.4499362111091614,0.9985845685005188
276,278,0.002713782014325261,0.4695773422718048,1.0
277,279,0.002735836198553443,0.4472392499446869,1.0
278,280,0.0028283349238336086,0.4614372253417969,1.0
279,281,0.0027397244703024626,0.4680333435535431,0.9988876581192017
280,282,0.002632685238495469,0.4827228784561157,1.0
281,283,0.0027597309090197086,0.4602944254875183,1.0
282,284,0.0026627841871231794,0.4858185946941376,0.9953970313072205
283,285,0.0027426001615822315,0.4644119143486023,1.0
284,286,0.002640170743688941,0.4664837419986725,1.0
285,287,0.002755539957433939,0.46211665868759155,0.9954662919044495
286,288,0.002794643398374319,0.4718196392059326,1.0
287,289,0.00279708718881011,0.45319032669067383,1.0
288,290,0.00277857668697834,0.4586717486381531,1.0
289,291,0.0027766479179263115,0.4388566315174103,1.0
290,292,0.002711512381210923,0.4664211869239807,1.0
291,293,0.0027922510635107756,0.45621997117996216,1.0
292,294,0.0027905262541025877,0.46449005603790283,0.9992758631706238
293,295,0.0027758015785366297,0.47405508160591125,1.0
294,296,0.0028488184325397015,0.43560555577278137,1.0
295,297,0.002940742066130042,0.43807557225227356,1.0
296,298,0.0027513501700013876,0.47332054376602173,1.0
297,299,0.0027793010231107473,0.4536702632904053,1.0
298,300,0.0028192533645778894,0.44615069031715393,1.0
299,301,0.002846518764272332,0.4406561553478241,1.0
300,302,0.0026922253891825676,0.4748687148094177,1.0
301,303,0.0026961718685925007,0.46060606837272644,1.0
302,304,0.0026823452208191156,0.4720536470413208,1.0
303,305,0.002903837012127042,0.4465385973453522,1.0
304,306,0.002880147658288479,0.44265756011009216,0.9981684684753418
305,307,0.0026857147458940744,0.47819891571998596,0.9988095164299011
306,308,0.0027662774082273245,0.4692857265472412,1.0
307,309,0.0027794057969003916,0.4671560227870941,1.0
308,310,0.0027419778052717447,0.4524570405483246,1.0
309,311,0.0027800644747912884,0.46433377265930176,1.0
310,312,0.0027378571685403585,0.4571765065193176,1.0
311,313,0.0027735296171158552,0.45862263441085815,1.0
312,314,0.0027339595835655928,0.4651392102241516,0.999470591545105
313,315,0.0026880765799432993,0.4613392651081085,1.0
314,316,0.0028897272422909737,0.43725910782814026,0.9995105266571045
315,317,0.0026764122303575277,0.4881146252155304,1.0
316,318,0.002714028349146247,0.4661503732204437,1.0
317,319,0.0027502451557666063,0.47058823704719543,1.0
318,320,0.0027956878766417503,0.435983270406723,1.0
319,321,0.0027055025566369295,0.4639740586280823,1.0
320,322,0.0028058968018740416,0.4592537581920624,1.0
321,323,0.0028038632590323687,0.4690318703651428,1.0
322,324,0.004016227554529905,0.37893733382225037,0.9941569566726685
323,325,0.002717056078836322,0.48926013708114624,0.9959514141082764
324,326,0.0029336537700146437,0.4494306743144989,1.0
325,327,0.0027500996366143227,0.45582467317581177,0.9964699745178223
326,328,0.002931442344561219,0.43485087156295776,1.0
327,329,0.0026683369651436806,0.4990583658218384,0.9900373816490173
328,330,0.0027554247062653303,0.46721503138542175,1.0
329,331,0.0027139626909047365,0.48195329308509827,1.0
330,332,0.0029166415333747864,0.43492239713668823,0.9996786713600159
331,333,0.0027645668014883995,0.4602510333061218,0.9920222163200378
332,334,0.0026614314410835505,0.4605037271976471,1.0
333,335,0.0028200875967741013,0.4397139549255371,1.0
334,336,0.0026480902452021837,0.44971752166748047,1.0
335,337,0.0027648129034787416,0.4525570869445801,1.0
336,338,0.0027348289731889963,0.45936569571495056,1.0
337,339,0.0027508693747222424,0.48567333817481995,1.0
338,340,0.0027604501228779554,0.4580170810222626,0.9963880181312561
339,341,0.002797570778056979,0.45697954297065735,0.9954128265380859
340,342,0.0028098048642277718,0.44914528727531433,1.0
341,343,0.0029774336144328117,0.4321565330028534,0.9980353713035583
342,344,0.0028618616051971912,0.4453149139881134,0.9975911974906921
343,345,0.002786811674013734,0.45961228013038635,1.0
344,346,0.0025746715255081654,0.5033556818962097,0.9959142208099365
345,347,0.002663378370925784,0.46919870376586914,0.9985214471817017
346,348,0.002890822011977434,0.42922672629356384,1.0
347,349,0.002780729904770851,0.4428788125514984,1.0
348,350,0.0028342497535049915,0.4442841112613678,1.0
349,351,0.002744067693129182,0.4664670526981354,1.0
350,352,0.002814818639308214,0.4582553207874298,0.9995916485786438
351,353,0.0027649393305182457,0.476666659116745,0.9988358616828918
352,354,0.002775828819721937,0.46455317735671997,1.0
353,355,0.002846615156158805,0.4424344599246979,0.9993074536323547
354,356,0.0027871420606970787,0.46113988757133484,1.0
355,357,0.002738742856308818,0.45974305272102356,1.0
356,358,0.0027108241338282824,0.4576375186443329,1.0
357,359,0.0027704532258212566,0.4587603807449341,1.0
358,360,0.0027456285897642374,0.454047292470932,0.9986225962638855
359,361,0.0026014710310846567,0.4967039227485657,1.0
360,362,0.0029886604752391577,0.430978000164032,0.9978331327438354
361,363,0.0027929176576435566,0.4822048544883728,1.0
362,364,0.00271292170509696,0.4862302541732788,1.0
363,365,0.0026673253159970045,0.48673009872436523,0.9964120984077454
364,366,0.002745503792539239,0.43983402848243713,1.0
365,367,0.0028035163413733244,0.4616073966026306,1.0
366,368,0.0027385123539716005,0.45588234066963196,0.9965903759002686
367,369,0.0026783412322402,0.4755471348762512,1.0
368,370,0.002783040516078472,0.4513508081436157,1.0
369,371,0.0027642862405627966,0.44732823967933655,0.9970225691795349
370,372,0.002738382201641798,0.4546082019805908,0.9996204972267151
371,373,0.0028361293952912092,0.443249374628067,0.9993618130683899
372,374,0.0027030231431126595,0.47750481963157654,1.0
373,375,0.0029190010391175747,0.42556440830230713,1.0
374,376,0.002859853208065033,0.4348439574241638,0.9974820017814636
375,377,0.0027079132851213217,0.4688427448272705,0.9985954761505127
376,378,0.002933521755039692,0.4464459717273712,1.0
377,379,0.0027272761799395084,0.4491002559661865,0.9994279146194458
378,380,0.0028901502955704927,0.4449464976787567,0.999465823173523
379,381,0.0028296904638409615,0.45503169298171997,1.0
380,382,0.002676210133358836,0.48692214488983154,1.0
381,383,0.002755885012447834,0.4513135254383087,1.0
382,384,0.0027534051332622766,0.4771558344364166,0.995580792427063
383,385,0.002975259441882372,0.4188510775566101,1.0
384,386,0.00281950319185853,0.44652804732322693,1.0
385,387,0.0026709712110459805,0.4913274347782135,0.996410608291626
386,388,0.002688429784029722,0.46872392296791077,1.0
387,389,0.0027649749536067247,0.4536208212375641,1.0
388,390,0.002770480467006564,0.4721963405609131,1.0
389,391,0.0026810746639966965,0.4741024971008301,0.9982689023017883
390,392,0.0027355640195310116,0.4728867709636688,1.0
391,393,0.002867148257791996,0.44499829411506653,1.0
392,394,0.0027046450413763523,0.46566346287727356,1.0
393,395,0.0027502812445163727,0.4737924039363861,1.0
394,396,0.0027748988941311836,0.46117228269577026,1.0
395,397,0.0026974950451403856,0.46085312962532043,0.996497392654419
396,398,0.002773495391011238,0.46619144082069397,1.0
397,399,0.0029102300759404898,0.45103374123573303,0.9987951517105103
398,400,0.0027929500211030245,0.46938076615333557,1.0
399,401,0.0026440024375915527,0.5003879070281982,0.9946029186248779
400,402,0.0027356178034096956,0.453596830368042,1.0
401,403,0.0027375686913728714,0.46619364619255066,1.0
402,404,0.0027278128545731306,0.45542991161346436,1.0
403,405,0.0027490754146128893,0.4644988775253296,1.0
404,406,0.002868245355784893,0.4476933181285858,1.0
405,407,0.0028422256000339985,0.4537965655326843,1.0
406,408,0.0028360802680253983,0.4493143856525421,1.0
407,409,0.002659823279827833,0.470221608877182,1.0
408,410,0.0026806967798620462,0.4755140244960785,0.9972559809684753
409,411,0.0028152281884104013,0.46253901720046997,1.0
410,412,0.002738088835030794,0.47090449929237366,1.0
411,413,0.0028172931633889675,0.4261990785598755,1.0
412,414,0.002685262355953455,0.4706208407878876,0.999411404132843
413,415,0.0027132623363286257,0.47170794010162354,1.0
414,416,0.00279539218172431,0.4539332687854767,1.0
415,417,0.0028026222717016935,0.4536775052547455,1.0
416,418,0.0028585249092429876,0.46528366208076477,1.0
417,419,0.0026702522300183773,0.4762357473373413,1.0
418,420,0.00269843777641654,0.479885071516037,1.0
419,421,0.002825946779921651,0.4504264295101166,1.0
420,422,0.002681353595107794,0.48217225074768066,1.0
421,423,0.0027384194545447826,0.45903143286705017,1.0
422,424,0.0026762692723423243,0.4634259343147278,1.0
423,425,0.00280956388451159,0.4418739080429077,0.998040497303009
424,426,0.002852592384442687,0.44880175590515137,0.9981364011764526
425,427,0.002704799873754382,0.46187883615493774,1.0
426,428,0.002794321160763502,0.4631456732749939,1.0
427,429,0.002790568396449089,0.45858708024024963,1.0
428,430,0.0027017109096050262,0.4933837354183197,1.0
429,431,0.0030841263942420483,0.4318529963493347,0.9988193511962891
430,432,0.0027254964224994183,0.47969314455986023,0.9990601539611816
431,433,0.0028014706913381815,0.44844740629196167,1.0
432,434,0.0028741948772221804,0.4507410526275635,1.0
433,435,0.002729846863076091,0.46842309832572937,1.0
434,436,0.0026982694398611784,0.475470632314682,1.0
435,437,0.002782256808131933,0.456284761428833,0.9970831274986267
436,439,0.0027533676475286484,0.4664134383201599,0.9982883930206299
437,440,0.00282114720903337,0.4670797884464264,1.0
438,441,0.002755683846771717,0.47179991006851196,1.0
439,442,0.0027038343250751495,0.46857142448425293,1.0
440,443,0.0027157056611031294,0.4697001874446869,1.0
441,444,0.002849522279575467,0.4382704794406891,1.0
442,445,0.002847804455086589,0.45869338512420654,0.9992470145225525
443,446,0.0026967658195644617,0.4749408960342407,1.0
444,447,0.0027942389715462923,0.45058849453926086,1.0
445,448,0.0027251215651631355,0.4702773988246918,1.0
446,449,0.0027300457004457712,0.4655090272426605,1.0
447,450,0.0027095754630863667,0.47554197907447815,1.0
448,451,0.0027208784595131874,0.483956515789032,1.0
449,452,0.003130118828266859,0.4138706922531128,1.0
450,453,0.0027864109724760056,0.4624129831790924,1.0
451,454,0.0027802467811852694,0.43952617049217224,1.0
452,455,0.0027286165859550238,0.46596041321754456,1.0
453,456,0.002826523268595338,0.44973546266555786,1.0
454,457,0.0027091526426374912,0.4758220613002777,1.0
455,458,0.0028035277500748634,0.4365261197090149,1.0
456,459,0.0026866195257753134,0.48025476932525635,1.0
457,460,0.0027102676685899496,0.4748995900154114,1.0
458,461,0.0028250012546777725,0.4572600722312927,1.0
459,462,0.0028105827514082193,0.4452682137489319,1.0
460,463,0.002749121282249689,0.4536329507827759,1.0
461,464,0.002864136826246977,0.44877561926841736,1.0
462,465,0.0027676138561218977,0.47058823704719543,1.0
463,466,0.0027513159438967705,0.4577798843383789,1.0
464,467,0.0027242584619671106,0.4694475829601288,1.0
465,468,0.002688584616407752,0.476068913936615,1.0
466,469,0.002749703824520111,0.47494474053382874,0.9915384650230408
467,470,0.002849041484296322,0.4537431597709656,1.0
468,471,0.0027523476164788008,0.454054057598114,0.9969230890274048
469,472,0.002804708667099476,0.44719061255455017,0.9972244501113892
470,473,0.00287429615855217,0.45493948459625244,0.9984145760536194
471,474,0.002696157665923238,0.4648631811141968,1.0
472,475,0.002848878502845764,0.44152480363845825,1.0
473,476,0.00272089010104537,0.45445266366004944,1.0
474,477,0.0028193723410367966,0.4729344844818115,1.0
475,478,0.002802006434649229,0.466187059879303,1.0
476,479,0.0027512528467923403,0.4679257571697235,1.0
477,480,0.0027751419693231583,0.46864309906959534,1.0
478,481,0.002782802563160658,0.4583675265312195,0.9982134699821472
479,482,0.00274970312602818,0.4605143666267395,1.0
480,483,0.0028173397295176983,0.4614039361476898,1.0
481,484,0.0027219150215387344,0.4790619909763336,1.0
482,485,0.0028271840419620275,0.4629873037338257,1.0
483,486,0.002780383685603738,0.4824848175048828,0.9990328550338745
484,487,0.002782827243208885,0.4589487314224243,1.0
485,488,0.0026636843103915453,0.46033036708831787,1.0
486,489,0.0028035228606313467,0.4733535647392273,1.0
487,490,0.002781070303171873,0.4612170159816742,1.0
488,491,0.002750404179096222,0.4559917449951172,1.0
489,492,0.002819573972374201,0.4675990641117096,1.0
490,493,0.002766016637906432,0.45693469047546387,1.0
491,494,0.002853293204680085,0.4431372582912445,1.0
492,495,0.0027931486256420612,0.46435317397117615,1.0
493,496,0.002880480606108904,0.4437388777732849,0.9988564848899841
494,497,0.00268552522175014,0.45130932331085205,0.9927992820739746
495,498,0.0026726434007287025,0.47086700797080994,1.0
496,499,0.0028635950293391943,0.4474894106388092,1.0
497,500,0.002755569526925683,0.46571826934814453,0.9965069890022278
498,501,0.003048925194889307,0.4349572956562042,0.9965477585792542
499,502,0.0028348148334771395,0.44991573691368103,0.9983381628990173
500,503,0.0027269930578768253,0.47791483998298645,1.0
501,504,0.0027403440326452255,0.45882776379585266,1.0
502,505,0.002855883212760091,0.4519076645374298,1.0
503,506,0.0027876864187419415,0.46359801292419434,1.0
504,507,0.0027848256286233664,0.4722433388233185,1.0
505,508,0.0027428665198385715,0.44420191645622253,1.0
506,509,0.0027950529474765062,0.4563291072845459,1.0
507,510,0.002705070422962308,0.4721081852912903,1.0
508,511,0.0027354557532817125,0.47049233317375183,1.0
509,512,0.002826977288350463,0.45464247465133667,1.0
510,513,0.002891901880502701,0.4408743679523468,0.9994029998779297
511,514,0.002764041069895029,0.45341426134109497,1.0
512,515,0.002661537379026413,0.4864345192909241,0.9969351887702942
513,516,0.0027383603155612946,0.4574888050556183,0.9959885478019714
514,517,0.002955731702968478,0.42302632331848145,0.9945862293243408
515,518,0.0028158538043498993,0.45603394508361816,1.0
516,519,0.0026198120322078466,0.47756943106651306,0.9975210428237915
517,520,0.0027539527509361506,0.4805871248245239,1.0
518,521,0.002729145810008049,0.4385679364204407,1.0
519,522,0.002807660261169076,0.46523627638816833,1.0
520,523,0.0026286188513040543,0.4847967326641083,1.0
521,524,0.0026926847640424967,0.4692581295967102,1.0
522,525,0.002812095684930682,0.4696443974971771,0.9963201284408569
523,526,0.0027422879356890917,0.48396947979927063,1.0
524,527,0.0027849117759615183,0.4729369878768921,1.0
525,528,0.002757462440058589,0.4618096351623535,1.0
526,529,0.002717254450544715,0.4686245024204254,1.0
527,530,0.0027346268761903048,0.45815739035606384,1.0
528,531,0.0028566576074808836,0.44892221689224243,0.9979166388511658
529,532,0.002802287694066763,0.46461743116378784,1.0
530,533,0.0028327018953859806,0.44903817772865295,0.9996803998947144
531,534,0.0027806630823761225,0.45496299862861633,0.9955332279205322
532,535,0.0027879185508936644,0.4701414406299591,1.0
533,536,0.002835809485986829,0.4579165577888489,1.0
534,537,0.0027468923944979906,0.4631297290325165,1.0
535,538,0.0027468374464660883,0.46966496109962463,0.9955214262008667
536,539,0.0027640084736049175,0.4568493068218231,1.0
537,540,0.002703909995034337,0.4754452109336853,1.0
538,541,0.0027596636209636927,0.46574902534484863,0.9993131756782532
539,542,0.0027345335111021996,0.4570167660713196,0.9988425970077515
540,543,0.0026577236130833626,0.46270066499710083,1.0
541,544,0.002747383201494813,0.46522513031959534,1.0
542,545,0.002728433581069112,0.4651876986026764,1.0
543,546,0.0027285711839795113,0.47020626068115234,1.0
544,547,0.002743115648627281,0.4620807468891144,1.0
545,548,0.0027406502049416304,0.47378918528556824,0.9976004958152771
546,549,0.0027563178446143866,0.46238842606544495,1.0
547,550,0.002783913165330887,0.4387606680393219,1.0
548,551,0.002922056708484888,0.45098039507865906,1.0
549,552,0.002708468120545149,0.4854948818683624,1.0
550,553,0.00276644853875041,0.4513697028160095,1.0
551,554,0.003038405906409025,0.40143775939941406,0.9990583658218384
552,555,0.002781528513878584,0.4589208960533142,1.0
553,556,0.002795262960717082,0.47453582286834717,1.0
554,557,0.0027027891483157873,0.48357290029525757,1.0
555,558,0.0027516407426446676,0.4641711115837097,1.0
556,559,0.002780941780656576,0.46016359329223633,1.0
557,560,0.0027198924217373133,0.47942855954170227,1.0
558,561,0.0027523827739059925,0.4655470550060272,1.0
559,562,0.0028296823147684336,0.4472016990184784,1.0
560,563,0.002799852518364787,0.448738694190979,1.0
561,564,0.002807941986247897,0.46328070759773254,0.9950860142707825
562,565,0.0027420164551585913,0.48398736119270325,0.9981395602226257
563,566,0.0027803443372249603,0.45810943841934204,1.0
564,567,0.002749282168224454,0.459253191947937,1.0
565,568,0.0027647579554468393,0.4525589346885681,1.0
566,569,0.0028264345601201057,0.4397244453430176,0.9965307712554932
567,570,0.0027905262541025877,0.4504414200782776,1.0
568,571,0.0029377893079072237,0.45088642835617065,0.9957671761512756
569,572,0.002782178809866309,0.4579474627971649,1.0
570,573,0.002671969123184681,0.47884687781333923,0.999218761920929
571,574,0.002710611093789339,0.4683544337749481,1.0
572,575,0.002841709414497018,0.4383561611175537,1.0
573,576,0.0026427707634866238,0.47563740611076355,1.0
574,577,0.002741548465564847,0.4765474498271942,1.0
575,578,0.0027570368256419897,0.4482685327529907,1.0
576,579,0.0027818039525300264,0.4698981046676636,1.0
577,580,0.0026795619633048773,0.4785398244857788,0.9986149668693542
578,581,0.002681582933291793,0.46042656898498535,1.0
579,582,0.0027356434147804976,0.470969557762146,1.0
580,583,0.002630215371027589,0.48050016164779663,0.9981446862220764
581,584,0.0028525344096124172,0.45743563771247864,1.0
582,585,0.0027456353418529034,0.4713333249092102,1.0
583,586,0.002759330440312624,0.44729575514793396,0.9974647164344788
584,587,0.0027676422614604235,0.4618191421031952,1.0
585,588,0.002780875889584422,0.4408029615879059,0.9967577457427979
586,589,0.00268907705321908,0.48841699957847595,1.0
587,590,0.002760994015261531,0.45494505763053894,1.0
588,591,0.0027827557642012835,0.44866713881492615,0.9995987415313721
589,592,0.002774937078356743,0.45559340715408325,1.0
590,593,0.0028399047441780567,0.4585567116737366,0.9986528754234314
591,594,0.004731869325041771,0.34302327036857605,0.9941027760505676
592,595,0.0027526658959686756,0.46408164501190186,0.9973683953285217
593,596,0.0027566663920879364,0.46698325872421265,1.0
594,597,0.002723896410316229,0.4619627594947815,1.0
595,598,0.0026979618705809116,0.47983869910240173,0.9984268546104431
596,599,0.0027705617249011993,0.458763986825943,1.0
597,600,0.0028780531138181686,0.4400189518928528,1.0
598,601,0.0026740392204374075,0.4749104082584381,1.0
599,602,0.002746948739513755,0.45583289861679077,1.0
600,603,0.0028463087510317564,0.4647229015827179,0.9966586828231812
601,604,0.0027318510692566633,0.47375938296318054,1.0
602,605,0.002836655592545867,0.45127472281455994,1.0
603,606,0.002819042420014739,0.46181172132492065,1.0
604,607,0.0028930874541401863,0.43719911575317383,1.0
605,608,0.002644695108756423,0.4890855550765991,1.0
606,609,0.0028575926553457975,0.4368481934070587,1.0
607,610,0.0029247316997498274,0.41233396530151367,1.0
608,611,0.002716700779274106,0.47058823704719543,1.0
609,612,0.004821558482944965,0.23548784852027893,0.9939183592796326
610,613,0.002704123966395855,0.4753054678440094,1.0
611,614,0.002743765711784363,0.4676470458507538,0.9927158951759338
612,615,0.0029107467271387577,0.44066667556762695,1.0
613,616,0.00274016079492867,0.4790448248386383,1.0
614,617,0.0028547781985253096,0.43786877393722534,0.9995918273925781
615,618,0.002850551391020417,0.45252883434295654,1.0
616,619,0.002738244365900755,0.471414715051651,0.9994863867759705
617,620,0.0026956298388540745,0.47668078541755676,1.0
618,621,0.0028959279879927635,0.4426778256893158,1.0
619,622,0.0028266748413443565,0.4556463956832886,0.9953703880310059
620,623,0.002822963520884514,0.45396825671195984,1.0
621,624,0.002704543760046363,0.4830535352230072,0.9980366230010986
622,625,0.0028641284443438053,0.46491000056266785,1.0
623,626,0.002784839365631342,0.4626682996749878,1.0
624,627,0.002773759188130498,0.44999998807907104,1.0
625,628,0.0028269013855606318,0.4502376317977905,0.9975224733352661
626,629,0.002868747105821967,0.43192917108535767,1.0
627,630,0.0027556319255381823,0.4484524130821228,0.9989631772041321
628,631,0.002785244956612587,0.45404914021492004,1.0
629,632,0.0026966147124767303,0.45997148752212524,1.0
630,633,0.0035172596108168364,0.38931769132614136,0.9960505366325378
631,634,0.002811901271343231,0.45818307995796204,1.0
632,635,0.0027478523552417755,0.45540398359298706,1.0
633,636,0.0028679375536739826,0.4464734196662903,1.0
634,637,0.0027805552817881107,0.46161991357803345,1.0
635,638,0.00272991880774498,0.4562537968158722,1.0
636,639,0.002772822743281722,0.47096773982048035,1.0
637,640,0.002845835406333208,0.46147778630256653,1.0
638,641,0.002681869314983487,0.45378294587135315,1.0
639,642,0.0028183218091726303,0.4641301929950714,1.0
640,643,0.0028510557021945715,0.4551529288291931,1.0
641,644,0.002858868334442377,0.45509207248687744,0.9991748929023743
642,645,0.00276640965603292,0.4516865313053131,1.0
643,646,0.0027221618220210075,0.47335702180862427,1.0
644,647,0.0028348115738481283,0.45882871747016907,1.0
645,648,0.0026590062770992517,0.47865429520606995,0.9995155334472656
646,649,0.0027811951003968716,0.45446765422821045,1.0
647,650,0.0027000941336154938,0.4719441831111908,1.0
648,651,0.0026774308644235134,0.46833959221839905,1.0
649,652,0.0027934391982853413,0.44655993580818176,0.9995157122612
650,653,0.002710934728384018,0.454818457365036,1.0
651,654,0.002696375362575054,0.4804811477661133,1.0
652,655,0.003186663845553994,0.39974328875541687,1.0
653,656,0.002781502204015851,0.42942073941230774,0.9982281923294067
654,657,0.0027707163244485855,0.4618009924888611,0.9994317889213562
655,658,0.0026693649124354124,0.47180816531181335,1.0
656,659,0.0028877693694084883,0.4677777886390686,1.0
657,660,0.0027579576708376408,0.47033557295799255,1.0
658,661,0.002717929193750024,0.4759953022003174,0.9993853569030762
659,662,0.0028170763980597258,0.4512675106525421,1.0
660,663,0.0027526477351784706,0.4560515284538269,1.0
661,664,0.0051663038320839405,0.20498287677764893,0.9959839582443237
662,665,0.002663295716047287,0.47461628913879395,1.0
663,666,0.0026953278575092554,0.4698469936847687,0.9955499172210693
664,667,0.008046814240515232,0.0039862096309661865,0.9989564418792725
665,668,0.0027716681361198425,0.4397002160549164,1.0
666,669,0.0027326985727995634,0.46566250920295715,1.0
667,670,0.002747268881648779,0.45092540979385376,0.9996891617774963
668,671,0.002723717363551259,0.45609408617019653,1.0
669,672,0.002815765794366598,0.4575684070587158,0.9996216297149658
670,673,0.00271865027025342,0.47191256284713745,1.0
671,674,0.002766337711364031,0.46430668234825134,1.0
672,675,0.0027245425153523684,0.46593695878982544,0.9971728324890137
673,676,0.00283049326390028,0.4509155750274658,0.9977490305900574
674,677,0.0028552929870784283,0.4490170478820801,1.0
675,678,0.002771137747913599,0.4601745009422302,1.0
676,679,0.002693879883736372,0.4884863495826721,1.0
677,680,0.002715646754950285,0.48164626955986023,1.0
678,681,0.0028762584552168846,0.45233866572380066,1.0
679,682,0.00283573055639863,0.43666738271713257,1.0
680,683,0.002821471309289336,0.4525761008262634,1.0
681,684,0.0027581239119172096,0.45376431941986084,1.0
682,685,0.002737730974331498,0.4568155109882355,1.0
683,686,0.002735381480306387,0.4526835083961487,1.0
684,687,0.0026568558532744646,0.5012394785881042,0.99802565574646
685,688,0.002822747454047203,0.4608454704284668,1.0
686,689,0.0027409703470766544,0.4633227586746216,1.0
687,690,0.0027845033910125494,0.44289082288742065,0.9913272857666016
688,691,0.0026928687002509832,0.4658620059490204,1.0
689,692,0.0027683463413268328,0.46613654494285583,1.0
690,693,0.0029602746944874525,0.42315223813056946,1.0
691,694,0.002701639663428068,0.48883524537086487,1.0
692,695,0.0028931170236319304,0.43913307785987854,0.9995389580726624
693,696,0.0027689074631780386,0.475908488035202,1.0
694,697,0.0028408998623490334,0.4442184865474701,0.9973907470703125
695,698,0.0026718596927821636,0.4903320074081421,0.9992564916610718
696,699,0.00269462913274765,0.482148140668869,1.0
697,700,0.0028972786385565996,0.44791343808174133,1.0
698,701,0.0027834998909384012,0.4550080895423889,1.0
699,702,0.0028356455732136965,0.44843360781669617,0.9996909499168396
700,703,0.0027562284376472235,0.4618689715862274,1.0
701,704,0.0028469781391322613,0.45095694065093994,1.0
702,705,0.0027148413937538862,0.4704992473125458,1.0
703,706,0.002804139396175742,0.46624282002449036,1.0
704,707,0.0027598636224865913,0.4566315710544586,0.9967830777168274
705,708,0.002870772732421756,0.4542088806629181,1.0
706,709,0.0027692043222486973,0.4555952250957489,1.0
707,710,0.002743326360359788,0.45913124084472656,0.9994916319847107
708,711,0.0027936664409935474,0.4503553807735443,1.0
709,712,0.0027238987386226654,0.4684615433216095,1.0
710,713,0.002818276872858405,0.45678403973579407,1.0
711,714,0.0028655026108026505,0.44666555523872375,0.9992483854293823
712,715,0.0027675144374370575,0.46142977476119995,1.0
713,716,0.0027888573240488768,0.44017094373703003,1.0
714,717,0.00276227411814034,0.47464317083358765,0.9955413937568665
715,718,0.0027441305574029684,0.4488510489463806,1.0
716,719,0.0027272116858512163,0.4803921580314636,1.0
717,720,0.0027684469241648912,0.4823348820209503,1.0
718,721,0.00282071135006845,0.4382144808769226,1.0
719,722,0.0028478610329329967,0.44854071736335754,1.0
720,723,0.0027500910218805075,0.4665878117084503,1.0
721,724,0.0028041526675224304,0.4624324440956116,1.0
722,725,0.002765367040410638,0.4688977897167206,1.0
723,726,0.0027968285139650106,0.4669235646724701,1.0
724,727,0.002728799358010292,0.4516787528991699,1.0
725,728,0.002783177886158228,0.4524613916873932,1.0
726,729,0.0026664917822927237,0.47032085061073303,1.0
727,730,0.0027263485826551914,0.4781092703342438,0.9983818531036377
728,731,0.002796668792143464,0.4626252353191376,1.0
729,732,0.002719292649999261,0.47612226009368896,0.9989979863166809
730,733,0.002705940743908286,0.4719642102718353,1.0
731,734,0.0027977011632174253,0.4668228030204773,0.994181215763092
732,735,0.0028037189040333033,0.45418328046798706,0.9991652965545654
733,736,0.0027846714947372675,0.4781649708747864,0.9990783333778381
734,737,0.0027373870834708214,0.4413619041442871,1.0
735,738,0.0027983521576970816,0.44832873344421387,1.0
736,739,0.0027466951869428158,0.45690861344337463,1.0
737,740,0.0027040422428399324,0.4633895456790924,0.9991130828857422
738,741,0.0028195094782859087,0.4671705365180969,1.0
739,742,0.002720525721088052,0.4688463807106018,1.0
740,743,0.0027306817937642336,0.44732901453971863,0.9981433153152466
741,744,0.0028633074834942818,0.45725348591804504,0.9974009394645691
742,745,0.0029465698171406984,0.4272445738315582,1.0
743,746,0.0027007628232240677,0.4717467725276947,0.9965329170227051
744,747,0.0027974590193480253,0.47324496507644653,0.9979296326637268
745,748,0.002800489543005824,0.45896032452583313,1.0
746,749,0.003868045751005411,0.31721270084381104,0.9983633160591125
747,750,0.002774382010102272,0.4611724019050598,1.0
748,751,0.0027366112917661667,0.46943917870521545,0.9993293285369873
749,752,0.0027941791340708733,0.45754796266555786,1.0
750,753,0.002662892686203122,0.47826087474823,0.9939758777618408
751,754,0.0027355398051440716,0.46078628301620483,1.0
752,755,0.0027198665775358677,0.470144122838974,1.0
753,756,0.002670282730832696,0.48784783482551575,1.0
754,757,0.002790148602798581,0.4391249716281891,0.9983693361282349
755,758,0.0027508039493113756,0.4516128897666931,1.0
756,759,0.0028212489560246468,0.45658397674560547,0.9958376884460449
757,760,0.0028128502890467644,0.44555214047431946,0.9991401433944702
758,761,0.0026556586381047964,0.47863849997520447,1.0
759,762,0.002643783111125231,0.4632837176322937,1.0
760,763,0.0026963716372847557,0.4750802218914032,0.9968581795692444
761,764,0.0027761145029217005,0.4637174904346466,1.0
762,765,0.0027734304312616587,0.4579326808452606,1.0
763,766,0.0027071204967796803,0.4840925633907318,1.0
764,767,0.0027361514512449503,0.46510133147239685,0.9951823949813843
765,768,0.0026280295569449663,0.49275362491607666,1.0
766,769,0.0028275183867663145,0.4467388987541199,1.0
767,770,0.002785417716950178,0.4638602137565613,1.0
768,771,0.002669712994247675,0.48811909556388855,1.0
769,772,0.002808305900543928,0.4639779329299927,1.0
770,773,0.0027154625859111547,0.47643575072288513,0.9983810186386108
771,774,0.002795747946947813,0.45135289430618286,1.0
772,775,0.0027719794306904078,0.4553614854812622,1.0
773,776,0.0029361234046518803,0.44092708826065063,1.0
774,777,0.0026961201801896095,0.45832592248916626,1.0
775,778,0.0026627446059137583,0.4810301959514618,1.0
776,779,0.0027045682072639465,0.47755101323127747,1.0
777,780,0.0027586177457123995,0.4735117554664612,1.0
778,781,0.0027467389591038227,0.45526012778282166,1.0
779,782,0.0027519541326910257,0.4629186689853668,0.996395468711853
780,783,0.0027778400108218193,0.4617680013179779,1.0
781,784,0.00283600902184844,0.4614368677139282,1.0
782,785,0.0027037381660193205,0.48612815141677856,1.0
783,786,0.002752844709903002,0.4642576575279236,1.0
784,787,0.0027738099452108145,0.4606721103191376,0.9972473382949829
785,788,0.002690942259505391,0.4905149042606354,0.9937254786491394
786,789,0.0027488842606544495,0.4762726426124573,1.0
787,790,0.002659540856257081,0.4866666793823242,0.9968963265419006
788,791,0.002703666454181075,0.4805876314640045,1.0
789,792,0.0026911667082458735,0.47815850377082825,1.0
790,793,0.002748963888734579,0.46162065863609314,1.0
791,794,0.002846518997102976,0.4583333432674408,0.9989440441131592
792,795,0.00277953059412539,0.4476509988307953,1.0
793,796,0.002796776359900832,0.44524794816970825,1.0
794,797,0.0028551688883453608,0.4386206865310669,0.9996507167816162
795,798,0.0027030431665480137,0.46929824352264404,0.99953293800354
796,799,0.0028191013261675835,0.4527243673801422,1.0
797,800,0.0026894945185631514,0.47859036922454834,1.0
798,801,0.002674852730706334,0.4664827585220337,0.9958775043487549
799,802,0.00305652036331594,0.4093590974807739,0.9995032548904419
800,803,0.0027970841620117426,0.44421905279159546,1.0
801,804,0.00292338989675045,0.43780672550201416,1.0
802,805,0.002676218282431364,0.4882758557796478,1.0
803,806,0.0030529263895004988,0.4024697542190552,0.9913097620010376
804,807,0.0026883811224251986,0.4719279706478119,0.9983193278312683
805,808,0.00285803759470582,0.45198675990104675,0.9963503479957581
806,809,0.0027903784066438675,0.45474010705947876,1.0
807,810,0.002717594848945737,0.4609178900718689,0.9972847104072571
808,811,0.0028010213281959295,0.457079142332077,1.0
809,812,0.0026014852337539196,0.48151975870132446,1.0
810,813,0.00282049342058599,0.4599583148956299,1.0
811,814,0.0027469212654978037,0.4529459774494171,0.9981966018676758
812,815,0.002680788515135646,0.46792587637901306,1.0
813,816,0.0027304866816848516,0.47263050079345703,1.0
814,817,0.002934205811470747,0.4326145648956299,1.0
815,818,0.003092813538387418,0.42832106351852417,0.9995909929275513
816,819,0.002910837298259139,0.4528093934059143,0.9967663884162903
817,820,0.0028695794753730297,0.4405604600906372,0.9989966750144958
818,821,0.002658291719853878,0.4570487141609192,1.0
819,822,0.0027686539106070995,0.46992337703704834,0.9855363368988037
820,823,0.0027389272581785917,0.4577995538711548,1.0
821,824,0.002825892297551036,0.4652162790298462,0.9989136457443237
822,825,0.002934982068836689,0.44106054306030273,0.995954692363739
823,826,0.002753928769379854,0.47482776641845703,1.0
824,827,0.002838935237377882,0.4478377103805542,1.0
825,828,0.0027940671425312757,0.4571240246295929,1.0
826,829,0.002651254180818796,0.4908446669578552,1.0
827,830,0.0026319201570004225,0.4702833592891693,0.9992657899856567
828,831,0.0029155868105590343,0.4376830458641052,0.9977744817733765
829,832,0.002661727601662278,0.4713595509529114,1.0
830,833,0.0027139936573803425,0.4868532717227936,1.0
831,834,0.0028107387479394674,0.44574934244155884,0.9972549080848694
832,835,0.0027541390154510736,0.4589412212371826,0.9968311190605164
833,836,0.002715789945796132,0.48472076654434204,0.9924487471580505
834,837,0.002907415386289358,0.4535119831562042,1.0
835,838,0.002770634600892663,0.4441763460636139,1.0
836,839,0.002868028124794364,0.4434880316257477,1.0
837,840,0.0027595353312790394,0.4613152742385864,1.0
838,841,0.0027350070886313915,0.4720982015132904,0.9970536231994629
839,842,0.0028570073191076517,0.4541391432285309,0.9970136284828186
840,843,0.002676059026271105,0.4817424714565277,0.9953672885894775
841,844,0.0028588708955794573,0.43947264552116394,1.0
842,845,0.0026828302070498466,0.46425122022628784,1.0
843,846,0.002770222956314683,0.4684385359287262,1.0
844,847,0.002709964755922556,0.4821479618549347,1.0
845,848,0.002793310210108757,0.4644836187362671,1.0
846,849,0.002846634713932872,0.4348335266113281,1.0
847,850,0.0026536122895777225,0.48045602440834045,1.0
848,851,0.0026984396390616894,0.4749445617198944,1.0
849,852,0.0027125892229378223,0.47384828329086304,1.0
850,853,0.0030791114550083876,0.4354538321495056,1.0
851,854,0.0027775815688073635,0.46211063861846924,1.0
852,855,0.002761030802503228,0.4749034643173218,1.0
853,856,0.0027553350664675236,0.4579439163208008,1.0
854,857,0.0028047661762684584,0.46900153160095215,1.0
855,858,0.002717470983043313,0.4750944674015045,0.9992774724960327
856,859,0.0027753463946282864,0.45007482171058655,1.0
857,860,0.0026946947909891605,0.479937881231308,0.9994609355926514
858,861,0.0028522824868559837,0.4445083439350128,1.0
859,862,0.002786910394206643,0.4647260308265686,1.0
860,863,0.0026903110556304455,0.46367111802101135,1.0
861,864,0.0026951448526233435,0.4595162868499756,1.0
862,865,0.0026914195623248816,0.48384201526641846,1.0
863,866,0.002852704841643572,0.4476190507411957,1.0
864,867,0.002886480651795864,0.4605518877506256,1.0
865,868,0.0027884691953659058,0.4637896716594696,1.0
866,869,0.002752983244135976,0.4591868817806244,0.9993141293525696
867,870,0.002656283089891076,0.4775941073894501,1.0
868,872,0.002747026039287448,0.45917588472366333,0.9995847344398499
869,873,0.00265732710249722,0.47921425104141235,1.0
870,874,0.002806870499625802,0.44716912508010864,0.9979879260063171
871,875,0.0028084975201636553,0.452359139919281,1.0
872,876,0.0029033811297267675,0.4537324905395508,0.9931914806365967
873,877,0.002786721335723996,0.4645431339740753,1.0
874,878,0.0026498057413846254,0.49166062474250793,1.0
875,879,0.002886860864236951,0.442250519990921,0.9995201826095581
876,880,0.0028153490275144577,0.4568922221660614,1.0
877,881,0.0027051849756389856,0.48815953731536865,1.0
878,882,0.0028191623277962208,0.46089261770248413,1.0
879,883,0.004728126339614391,0.164144828915596,0.9971275925636292
880,884,0.0027889127377420664,0.4696485698223114,0.9932432174682617
881,885,0.0027288326527923346,0.4778188467025757,1.0
882,886,0.002674138406291604,0.4909793734550476,1.0
883,887,0.0027937181293964386,0.44174376130104065,1.0
884,888,0.0027970599476248026,0.46024465560913086,1.0
885,889,0.0028325244784355164,0.44741126894950867,1.0
886,890,0.002813842846080661,0.4632611870765686,1.0
887,891,0.00278052338398993,0.4451548755168915,1.0
888,892,0.002769680228084326,0.4686906933784485,0.999494194984436
889,893,0.0028415420092642307,0.45123815536499023,1.0
890,894,0.002756034955382347,0.46534281969070435,1.0
891,895,0.0026848663110285997,0.4810708463191986,1.0
892,896,0.0026724166236817837,0.4621594250202179,1.0
893,897,0.002709372201934457,0.4552992582321167,1.0
894,898,0.0027513629756867886,0.4658196270465851,1.0
895,899,0.0027758367359638214,0.4796854555606842,1.0
896,900,0.0026544942520558834,0.49289727210998535,1.0
897,901,0.002725695725530386,0.4714523255825043,1.0
898,902,0.002644918393343687,0.48493877053260803,0.995244562625885
899,903,0.003887113183736801,0.35809311270713806,0.9987631440162659
900,904,0.002646478358656168,0.4751131236553192,0.99944007396698
901,905,0.0027167066000401974,0.48011720180511475,0.9982593655586243
902,906,0.0028157138731330633,0.4522387981414795,1.0
903,907,0.0028872122056782246,0.43715983629226685,0.9960541129112244
904,908,0.0027441969141364098,0.47992652654647827,1.0
905,909,0.0027178977616131306,0.48266667127609253,1.0
906,910,0.002752789994701743,0.46271663904190063,1.0
907,911,0.002772246254608035,0.4716279208660126,1.0
908,912,0.002749249804764986,0.4652586579322815,1.0
909,913,0.0027783820405602455,0.4489407241344452,1.0
910,914,0.0028198808431625366,0.4572673738002777,1.0
911,915,0.0028577602934092283,0.4704735279083252,1.0
912,916,0.002820344641804695,0.45702841877937317,1.0
913,917,0.0028236298821866512,0.4362822473049164,1.0
914,918,0.0028192447498440742,0.46841078996658325,0.9964476227760315
915,919,0.0026692289393395185,0.457697331905365,1.0
916,920,0.0027849064208567142,0.46092668175697327,0.9977545142173767
917,921,0.0028222156688570976,0.4411914050579071,1.0
918,922,0.0026649851351976395,0.47009775042533875,1.0
919,923,0.002835298888385296,0.47243213653564453,0.9988165497779846
920,924,0.0027135577984154224,0.4638352692127228,1.0
921,925,0.0027922370936721563,0.47436273097991943,1.0
922,926,0.002870765747502446,0.4282397925853729,1.0
923,927,0.0027527385391294956,0.4661266505718231,1.0
924,928,0.0027682350482791662,0.45251184701919556,1.0
925,929,0.0026574411895126104,0.48216256499290466,1.0
926,930,0.00271806912496686,0.46299389004707336,1.0
927,931,0.0027092560194432735,0.47243884205818176,0.9960317611694336
928,932,0.0027298107743263245,0.46599870920181274,1.0
929,933,0.002786980476230383,0.4475703239440918,1.0
930,934,0.0027237883768975735,0.4654013514518738,1.0
931,935,0.002871483564376831,0.4522935748100281,1.0
932,936,0.002814020961523056,0.43540051579475403,1.0
933,937,0.0028772077057510614,0.44324323534965515,1.0
934,938,0.0027060844004154205,0.4729904234409332,0.9961894154548645
935,939,0.0027734162285923958,0.4625646471977234,1.0
936,940,0.0027404821012169123,0.46099981665611267,1.0
937,941,0.0027755473274737597,0.46072474122047424,1.0
938,942,0.0027528214268386364,0.4591670036315918,1.0
939,943,0.0026647141203284264,0.479152649641037,1.0
940,944,0.0027452779468148947,0.4573070704936981,1.0
941,945,0.0028556378092616796,0.4369926452636719,1.0
942,946,0.002740798983722925,0.4659949541091919,1.0
943,947,0.002867113333195448,0.44815725088119507,1.0
944,948,0.002652733353897929,0.4709141254425049,1.0
945,949,0.0026774578727781773,0.484499990940094,1.0
946,950,0.0028324148152023554,0.454485148191452,1.0
947,951,0.002730985637754202,0.4813251197338104,1.0
948,952,0.0027255837339907885,0.46340739727020264,0.9955442547798157
949,953,0.002652592957019806,0.46803978085517883,1.0
950,954,0.0026034999173134565,0.4803701639175415,1.0
951,955,0.002729628933593631,0.476118266582489,1.0
952,956,0.0027579639572650194,0.4592592716217041,1.0
953,957,0.0026965495198965073,0.47391432523727417,1.0
954,958,0.002863610628992319,0.4567367136478424,1.0
955,959,0.0027499771676957607,0.4513598382472992,1.0
956,960,0.0025990235153585672,0.5067778825759888,1.0
957,961,0.0027083237655460835,0.4524923264980316,1.0
958,962,0.0027609597891569138,0.45864662528038025,1.0
959,963,0.0027711144648492336,0.46127820014953613,1.0
960,964,0.0027523571625351906,0.4719827473163605,1.0
961,965,0.002843473805114627,0.44260650873184204,1.0
962,966,0.0027366802096366882,0.43554502725601196,1.0
963,967,0.0027545916382223368,0.4696853458881378,1.0
964,968,0.002714581787586212,0.47487378120422363,1.0
965,969,0.002717053284868598,0.47812706232070923,0.9995404481887817
966,970,0.0027195170987397432,0.47921687364578247,1.0
967,971,0.0027251625433564186,0.4638255834579468,1.0
968,972,0.002703218488022685,0.47968703508377075,1.0
969,973,0.0027672620490193367,0.47215965390205383,1.0
970,974,0.0027391528710722923,0.46530789136886597,1.0
971,975,0.0026981031987816095,0.48007774353027344,1.0
972,976,0.0028368306811898947,0.45925524830818176,1.0
973,977,0.0027472353540360928,0.4619271755218506,0.9973664283752441
974,978,0.0027739841025322676,0.4418743848800659,1.0
975,979,0.0028353678062558174,0.42032504081726074,0.999555766582489
976,980,0.002769754035398364,0.4669051766395569,0.9994529485702515
977,981,0.0039061882998794317,0.3394375443458557,1.0
978,982,0.002876370446756482,0.44022244215011597,1.0
979,983,0.0027644289657473564,0.47758805751800537,1.0
980,984,0.002774415072053671,0.4584038257598877,1.0
981,985,0.0027773668989539146,0.44454842805862427,0.9996492266654968
982,986,0.0027098015416413546,0.46891745924949646,1.0
983,987,0.0028283274732530117,0.4354572594165802,0.9992424249649048
984,988,0.0027455021627247334,0.46053066849708557,1.0
985,989,0.002799679059535265,0.45806947350502014,0.9995812177658081
986,990,0.002720709191635251,0.4709779918193817,1.0
987,991,0.0028592951130121946,0.4296940267086029,1.0
988,992,0.002756861038506031,0.4676695168018341,1.0
989,993,0.0026601485442370176,0.4621131122112274,0.9946401119232178
990,994,0.002709458814933896,0.4786842167377472,1.0
991,995,0.0027381042018532753,0.46822428703308105,1.0
992,996,0.0028226301074028015,0.445034921169281,0.9938962459564209
993,997,0.002735691610723734,0.47476726770401,1.0
