"HitID","r[cm]","phi","z[cm]","layer_id","particle_id"
1,3.1,-0.25,5.72,1,248
2,5.05,-0.2396039603960396,9.36,2,248
3,8.85,-0.21977401129943502,16.36,3,248
4,12.25,-0.20163265306122446,22.68,4,248
5,29.9,-0.10757190635451504,55.52,5,248
6,37.1,-0.0689164420485175,69.08,6,248
7,44.3,-0.0297020316027088,82.72,7,248
8,51.4,0.00919455252918288,96.28,8,248
9,3.1,1.7532258064516129,6.12,1,250
10,5.05,1.7376237623762376,10.,2,250
11,8.85,1.7045197740112994,17.52,3,250
12,12.25,1.6755102040816325,24.28,4,250
13,29.9,1.5220401337792642,59.84,5,250
14,37.1,1.4581509433962263,74.72,6,250
15,44.3,1.392081264108352,89.92,7,250
16,51.4,1.3258677042801557,105.32000000000001,8,250
17,3.1,-0.23387096774193547,4.28,1,252
18,5.05,-0.2079207920792079,6.96,2,252
19,8.85,-0.15819209039548024,12.24,3,252
20,12.25,-0.11346938775510203,16.96,4,252
21,29.9,0.12826755852842808,42.36,5,252
22,37.1,0.23341778975741237,53.4,6,252
23,44.3,0.34521896162528215,65.16,7,252
24,51.4,0.4650856031128404,77.72,8,252
25,3.1,0.14838709677419354,5.2,1,253
26,5.05,0.09702970297029703,8.48,2,253
27,8.85,-0.005084745762711865,14.96,3,253
28,12.25,-0.09795918367346938,20.88,4,253
29,29.9,-0.6745418060200669,57.64,5,253
30,3.1,-0.19193548387096773,-0.52,1,590
31,5.05,-0.2,-0.84,2,590
32,8.85,-0.21468926553672318,-1.48,3,590
33,12.25,-0.22816326530612244,-2.04,4,590
34,29.9,-0.29678929765886286,-4.96,5,590
35,37.1,-0.3249703504043126,-6.16,6,590
36,44.3,-0.3532009029345372,-7.36,7,590
37,51.4,-0.3811439688715953,-8.56,8,590
38,3.1,-0.8596774193548387,-2.32,1,593
39,5.05,-0.8306930693069307,-3.7600000000000002,2,593
40,8.85,-0.7728813559322034,-6.640000000000001,3,593
41,12.25,-0.7212244897959182,-9.200000000000001,4,593
42,29.9,-0.44040802675585283,-23.16,5,593
43,37.1,-0.31479784366576813,-29.400000000000002,6,593
44,44.3,-0.17805869074492098,-36.2,7,593
45,51.4,-0.023350194552529183,-43.88,8,593
46,3.1,1.7838709677419355,3.3200000000000003,1,594
47,5.05,1.7782178217821782,5.44,2,594
48,8.85,1.7661016949152544,9.52,3,594
49,12.25,1.7551020408163263,13.16,4,594
50,29.9,1.6982943143812708,32.2,5,594
51,37.1,1.6749811320754715,39.96,6,594
52,44.3,1.6516478555304739,47.76,7,594
53,51.4,1.6285603112840465,55.480000000000004,8,594
54,3.1,1.4193548387096775,8.2,1,597
55,5.05,1.4049504950495049,13.36,2,597
56,8.85,1.3779661016949154,23.400000000000002,3,597
57,12.25,1.353877551020408,32.4,4,597
58,29.9,1.2275250836120402,79.60000000000001,5,597
59,37.1,1.1748787061994608,99.16,6,597
60,44.3,1.1219999999999999,119.04,7,597
61,51.4,1.0682879377431906,138.96,8,597
62,3.1,1.1774193548387097,10.56,1,601
63,5.05,1.1712871287128712,17.16,2,601
64,8.85,1.1598870056497175,30.12,3,601
65,12.25,1.1497959183673467,41.68,4,601
66,29.9,1.0955050167224079,101.84,5,601
67,37.1,1.0733369272237194,126.44,6,601
68,44.3,1.0511602708803611,151.12,7,601
69,51.4,1.029260700389105,175.56,8,601
70,3.1,-2.267741935483871,14.92,1,612
71,5.05,-2.2762376237623765,24.32,2,612
72,8.85,-2.292090395480226,42.6,3,612
73,12.25,-2.3061224489795915,59.,4,612
74,29.9,-2.379658862876254,144.32,5,612
75,37.1,-2.4096927223719673,179.32,6,612
76,44.3,-2.4401715575620764,214.48000000000002,7,612
77,51.4,-2.4701595330739297,249.36,8,612
78,3.1,-1.7225806451612904,-1.04,1,627
79,5.05,-1.7118811881188118,-1.72,2,627
80,8.85,-1.690960451977401,-3.,3,627
81,12.25,-1.6718367346938774,-4.16,4,627
82,29.9,-1.5734381270903008,-10.16,5,627
83,37.1,-1.5327493261455523,-12.64,6,627
84,44.3,-1.4920090293453723,-15.16,7,627
85,51.4,-1.450953307392996,-17.64,8,627
86,3.1,1.2241935483870967,2.72,1,628
87,5.05,1.2118811881188118,4.44,2,628
88,8.85,1.188135593220339,7.76,3,628
89,12.25,1.1669387755102039,10.76,4,628
90,29.9,1.0559331103678928,26.36,5,628
91,37.1,1.0101024258760107,32.8,6,628
92,44.3,0.9637426636568848,39.32,7,628
93,51.4,0.9174708171206225,45.84,8,628
94,3.1,0.3596774193548387,-8.72,1,668
95,5.05,0.34752475247524756,-14.16,2,668
96,8.85,0.32372881355932204,-24.84,3,668
97,12.25,0.30204081632653057,-34.44,4,668
98,29.9,0.18898996655518394,-84.44,5,668
99,37.1,0.14223180592991913,-105.12,6,668
100,44.3,0.09478555304740405,-126.04,7,668
101,51.4,0.04736186770428015,-147.,8,668
102,3.1,-0.5854838709677419,-4.5200000000000005,1,671
103,5.05,-0.5584158415841585,-7.36,2,671
104,8.85,-0.5073446327683616,-12.96,3,671
105,12.25,-0.46122448979591835,-17.96,4,671
106,29.9,-0.21389297658862874,-44.88,5,671
107,37.1,-0.10557412398921831,-56.68,6,671
108,44.3,0.009593679458239277,-69.2,7,671
109,51.4,0.13447859922178987,-82.76,8,671
110,3.1,-2.2629032258064514,6.48,1,673
111,5.05,-2.29009900990099,10.6,2,673
112,8.85,-2.344632768361582,18.6,3,673
113,12.25,-2.393469387755102,25.8,4,673
114,29.9,-2.657458193979933,64.68,5,673
115,37.1,-2.77443665768194,81.84,6,673
116,44.3,-2.8999006772009026,100.36,7,673
117,51.4,-3.0388326848249028,120.72,8,673
118,3.1,1.461290322580645,9.84,1,674
119,5.05,1.4782178217821782,16.,2,674
120,8.85,1.5112994350282487,28.080000000000002,3,674
121,12.25,1.540816326530612,38.92,4,674
122,29.9,1.696247491638796,95.92,5,674
123,37.1,1.7611266846361184,119.76,6,674
124,44.3,1.8274808126410833,144.16,7,674
125,51.4,1.8948715953307391,169.,8,674
126,3.1,-2.3112903225806454,3.96,1,675
127,5.05,-2.3346534653465345,6.48,2,675
128,8.85,-2.3807909604519777,11.36,3,675
129,12.25,-2.4224489795918367,15.72,4,675
130,29.9,-2.6451772575250834,39.160000000000004,5,675
131,37.1,-2.74144474393531,49.24,6,675
132,44.3,-2.8420316027088033,59.84,7,675
133,51.4,-2.9490038910505834,71.04,8,675
134,3.1,1.9548387096774194,15.32,1,677
135,5.05,1.9821782178217822,25.,2,677
136,8.85,2.0350282485875706,43.88,3,677
137,12.25,2.0828571428571427,60.88,4,677
138,29.9,2.3405418060200667,152.48,5,677
139,37.1,2.454231805929919,192.76,6,677
140,44.3,2.575634311512415,236.,7,677
141,51.4,2.7086887159533073,283.2,8,677
142,3.1,-3.108064516129032,5.5200000000000005,1,680
143,5.05,-3.0851485148514852,9.,2,680
144,8.85,-3.038983050847458,15.8,3,680
145,12.25,-2.997551020408163,21.92,4,680
146,29.9,-2.7775384615384615,54.52,5,680
147,37.1,-2.682792452830188,68.56,6,680
148,44.3,-2.583539503386004,83.32000000000001,7,680
149,51.4,-2.47836186770428,98.84,8,680
150,3.1,0.8548387096774194,7.68,1,689
151,5.05,0.8613861386138614,12.48,2,689
152,8.85,0.876271186440678,21.88,3,689
153,12.25,0.8897959183673468,30.28,4,689
154,29.9,0.9582541806020066,74.08,5,689
155,37.1,0.9863665768194069,92.04,6,689
156,44.3,1.0147042889390518,110.08,7,689
157,51.4,1.0426887159533074,127.92,8,689
158,3.1,-0.25483870967741934,-16.240000000000002,1,769
159,5.05,-0.2504950495049505,-26.48,2,769
160,8.85,-0.24124293785310735,-46.4,3,769
161,12.25,-0.23224489795918365,-64.2,4,769
162,29.9,-0.1877391304347826,-156.88,5,769
163,37.1,-0.16954177897574121,-194.72,6,769
164,44.3,-0.1512731376975169,-232.68,7,769
165,51.4,-0.1331556420233463,-270.16,8,769
166,3.1,0.2532258064516129,-7.6000000000000005,1,771
167,5.05,0.2485148514851485,-12.4,2,771
168,8.85,0.23785310734463277,-21.72,3,771
169,12.25,0.22857142857142854,-30.04,4,771
170,29.9,0.18034782608695651,-73.4,5,771
171,37.1,0.16065229110512128,-91.12,6,771
172,44.3,0.14075846501128667,-108.88,7,771
173,51.4,0.1211828793774319,-126.44,8,771
174,3.1,0.9951612903225806,-5.16,1,773
175,5.05,0.9554455445544554,-8.44,2,773
176,8.85,0.8790960451977401,-14.84,3,773
177,12.25,0.810204081632653,-20.64,4,773
178,29.9,0.4188026755852843,-53.44,5,773
179,37.1,0.22544474393530994,-69.64,6,773
180,44.3,-0.02494356659142212,-90.56,7,773
181,3.1,-0.4774193548387097,-6.12,1,774
182,5.05,-0.4732673267326733,-10.,2,774
183,8.85,-0.4632768361581921,-17.52,3,774
184,12.25,-0.4551020408163265,-24.28,4,774
185,29.9,-0.4101605351170568,-59.28,5,774
186,37.1,-0.39187061994609157,-73.60000000000001,6,774
187,44.3,-0.3735395033860045,-87.92,7,774
188,51.4,-0.35541245136186767,-102.08,8,774
189,3.1,1.2,-1.8,1,775
190,5.05,1.195049504950495,-2.92,2,775
191,8.85,1.1830508474576271,-5.12,3,775
192,12.25,1.1722448979591835,-7.12,4,775
193,29.9,1.1172240802675584,-17.36,5,775
194,37.1,1.0947816711590295,-21.56,6,775
195,44.3,1.0721896162528215,-25.76,7,775
196,51.4,1.0498326848249027,-29.92,8,775
197,3.1,0.25,-3.7600000000000002,1,776
198,5.05,0.25544554455445545,-6.16,2,776
199,8.85,0.26666666666666666,-10.76,3,776
200,12.25,0.27591836734693875,-14.92,4,776
201,29.9,0.3251036789297659,-36.44,5,776
202,37.1,0.3452237196765498,-45.24,6,776
203,44.3,0.36532731376975164,-54.04,7,776
204,51.4,0.38531128404669257,-62.76,8,776
205,3.1,0.8241935483870968,-2.88,1,777
206,5.05,0.8158415841584159,-4.72,2,777
207,8.85,0.7988700564971751,-8.24,3,777
208,12.25,0.7844897959183673,-11.4,4,777
209,29.9,0.708086956521739,-27.92,5,777
210,37.1,0.6768840970350404,-34.68,6,777
211,44.3,0.6453092550790067,-41.480000000000004,7,777
212,51.4,0.6141167315175097,-48.24,8,777
213,3.1,0.5596774193548387,-0.36,1,778
214,5.05,0.5643564356435644,-0.6,2,778
215,8.85,0.5757062146892655,-1.04,3,778
216,12.25,0.5853061224489795,-1.44,4,778
217,29.9,0.6355384615384615,-3.56,5,778
218,37.1,0.6560808625336926,-4.4,6,778
219,44.3,0.6766997742663656,-5.28,7,778
220,51.4,0.6971322957198444,-6.12,8,778
221,3.1,1.2580645161290323,1.8800000000000001,1,779
222,5.05,1.2683168316831683,3.04,2,779
223,8.85,1.2875706214689266,5.32,3,779
224,12.25,1.3053061224489795,7.36,4,779
225,29.9,1.3965016722408026,18.04,5,779
226,37.1,1.434140161725067,22.44,6,779
227,44.3,1.4719774266365686,26.88,7,779
228,51.4,1.5098249027237354,31.28,8,779
229,3.1,-1.0951612903225807,8.6,1,796
230,5.05,-1.117821782178218,14.040000000000001,2,796
231,8.85,-1.1627118644067798,24.64,3,796
232,12.25,-1.2036734693877549,34.160000000000004,4,796
233,29.9,-1.420267558528428,84.96000000000001,5,796
234,37.1,-1.5134123989218327,106.8,6,796
235,44.3,-1.6109706546275393,129.68,7,796
236,51.4,-1.7138249027237353,153.68,8,796
237,3.1,-2.4806451612903224,17.2,1,797
238,5.05,-2.478217821782178,28.04,2,797
239,8.85,-2.473446327683616,49.120000000000005,3,797
240,12.25,-2.4693877551020407,67.96000000000001,4,797
241,29.9,-2.4478862876254177,165.96,5,797
242,37.1,-2.439018867924528,205.92000000000002,6,797
243,44.3,-2.4301941309255075,245.92000000000002,7,797
244,51.4,-2.421474708171206,285.40000000000003,8,797
245,3.1,-2.470967741935484,10.,1,798
246,5.05,-2.4702970297029703,16.28,2,798
247,8.85,-2.4677966101694917,28.52,3,798
248,12.25,-2.4657142857142853,39.480000000000004,4,798
249,29.9,-2.4539130434782606,96.32000000000001,5,798
250,37.1,-2.4490997304582205,119.52,6,798
251,44.3,-2.444316027088036,142.72,7,798
252,51.4,-2.439599221789883,165.6,8,798
253,3.1,-2.467741935483871,9.44,1,801
254,5.05,-2.4673267326732673,15.4,2,801
255,8.85,-2.466666666666667,27.,3,801
256,12.25,-2.4657142857142853,37.36,4,801
257,29.9,-2.460963210702341,91.2,5,801
258,37.1,-2.4590889487870617,113.12,6,801
259,44.3,-2.4572099322799095,135.08,7,801
260,51.4,-2.455408560311284,156.76,8,801
261,3.1,-2.4806451612903224,10.24,1,803
262,5.05,-2.482178217821782,16.68,2,803
263,8.85,-2.483050847457627,29.240000000000002,3,803
264,12.25,-2.484489795918367,40.44,4,803
265,29.9,-2.491096989966555,98.76,5,803
266,37.1,-2.4938221024258755,122.52,6,803
267,44.3,-2.4965056433408574,146.28,7,803
268,3.1,-1.332258064516129,-2.44,1,808
269,5.05,-1.3544554455445545,-3.96,2,808
270,8.85,-1.4000000000000001,-6.96,3,808
271,12.25,-1.440408163265306,-9.64,4,808
272,29.9,-1.656448160535117,-24.,5,808
273,37.1,-1.7492129380053907,-30.16,6,808
274,44.3,-1.8463611738148982,-36.6,7,808
275,51.4,-1.9483190661478598,-43.36,8,808
276,3.1,1.9387096774193548,-4.36,1,809
277,5.05,1.9623762376237623,-7.12,2,809
278,8.85,2.007909604519774,-12.48,3,809
279,12.25,2.0489795918367344,-17.28,4,809
280,29.9,2.2686755852842806,-43.04,5,809
281,37.1,2.3634123989218327,-54.08,6,809
282,44.3,2.462121896162528,-65.72,7,809
283,51.4,2.5669338521400777,-77.92,8,809
284,3.1,-3.1048387096774195,6.88,1,863
285,5.05,3.132673267326733,11.24,2,863
286,8.85,3.042372881355932,19.8,3,863
287,12.25,2.9599999999999995,27.6,4,863
288,29.9,2.4738127090301,73.68,5,863
289,37.1,2.1953369272237193,100.04,6,863
290,3.1,-0.5854838709677419,-18.44,1,949
291,5.05,-0.5891089108910891,-30.080000000000002,2,949
292,8.85,-0.5949152542372882,-52.68,3,949
293,12.25,-0.6,-72.92,4,949
294,29.9,-0.6263277591973244,-178.04,5,949
295,37.1,-0.63711051212938,-220.96,6,949
296,44.3,-0.6479187358916478,-263.92,7,949
297,51.4,-0.6585680933852139,-306.28000000000003,8,949
298,3.1,-0.2532258064516129,-16.44,1,950
299,5.05,-0.23366336633663368,-26.76,2,950
300,8.85,-0.196045197740113,-46.92,3,950
301,12.25,-0.16163265306122448,-65.04,4,950
302,29.9,0.019558528428093643,-160.84,5,950
303,37.1,0.09622641509433962,-201.36,6,950
304,44.3,0.17514221218961623,-243.12,7,950
305,51.4,0.25658754863813227,-286.04,8,950
306,3.1,-0.6193548387096774,-7.48,1,951
307,5.05,-0.6287128712871287,-12.16,2,951
308,8.85,-0.6463276836158193,-21.36,3,951
309,12.25,-0.6616326530612244,-29.560000000000002,4,951
310,29.9,-0.7426555183946488,-72.32000000000001,5,951
311,37.1,-0.7758598382749325,-89.88,6,951
312,44.3,-0.8093227990970654,-107.56,7,951
313,51.4,-0.8424591439688716,-125.12,8,951
314,3.1,2.3306451612903225,-12.44,1,1005
315,5.05,2.3198019801980196,-20.240000000000002,2,1005
316,8.85,2.3011299435028247,-35.480000000000004,3,1005
317,12.25,2.2836734693877547,-49.160000000000004,4,1005
318,29.9,2.194535117056856,-120.32000000000001,5,1005
319,37.1,2.1578544474393526,-149.64000000000001,6,1005
320,44.3,2.1208171557562077,-179.12,7,1005
321,51.4,2.084054474708171,-208.44,8,1005
322,3.1,1.0548387096774194,-2.8000000000000003,1,1007
323,5.05,1.0683168316831684,-4.5600000000000005,2,1007
324,8.85,1.0943502824858757,-8.,3,1007
325,12.25,1.1175510204081631,-11.08,4,1007
326,29.9,1.2384414715719063,-27.240000000000002,5,1007
327,37.1,1.2885175202156331,-33.92,6,1007
328,44.3,1.339354401805869,-40.72,7,1007
329,51.4,1.3902295719844358,-47.480000000000004,8,1007
330,3.1,-0.4306451612903226,10.24,1,1010
331,5.05,-0.42376237623762375,16.68,2,1010
332,8.85,-0.41016949152542376,29.28,3,1010
333,12.25,-0.3987755102040816,40.52,4,1010
334,29.9,-0.3382943143812709,99.04,5,1010
335,37.1,-0.3135148247978436,123.,6,1010
336,44.3,-0.28865462753950333,147.04,7,1010
337,51.4,-0.2640622568093385,170.84,8,1010
338,3.1,-0.3596774193548387,5.32,1,1012
339,5.05,-0.3435643564356436,8.68,2,1012
340,8.85,-0.3112994350282486,15.24,3,1012
341,12.25,-0.2820408163265306,21.12,4,1012
342,29.9,-0.12963210702341135,52.,5,1012
343,37.1,-0.06598382749326144,64.88,6,1012
344,44.3,-0.0007674943566591422,78.08,7,1012
345,51.4,0.06535408560311284,91.44,8,1012
346,3.1,2.8419354838709676,-6.28,1,1017
347,5.05,2.8198019801980196,-10.24,2,1017
348,8.85,2.7768361581920904,-18.,3,1017
349,12.25,2.737959183673469,-24.92,4,1017
350,29.9,2.531351170568562,-61.88,5,1017
351,37.1,2.4427762803234496,-77.68,6,1017
352,44.3,2.351142212189616,-94.16,7,1017
353,51.4,2.2545836575875486,-111.36,8,1017
354,3.1,0.054838709677419356,-1.04,1,1020
355,5.05,0.0504950495049505,-1.72,2,1020
356,8.85,0.0423728813559322,-3.,3,1020
357,12.25,0.03551020408163265,-4.16,4,1020
358,29.9,-0.0003411371237458194,-10.200000000000001,5,1020
359,37.1,-0.01502964959568733,-12.64,6,1020
360,44.3,-0.0297020316027088,-15.120000000000001,7,1020
361,51.4,-0.04425291828793774,-17.52,8,1020
362,3.1,0.9193548387096774,2.04,1,1022
363,5.05,0.9297029702970298,3.36,2,1022
364,8.85,0.9474576271186441,5.88,3,1022
365,12.25,0.9640816326530611,8.120000000000001,4,1022
366,29.9,1.0487692307692307,19.92,5,1022
367,37.1,1.0836927223719675,24.76,6,1022
368,44.3,1.1187765237020315,29.64,7,1022
369,51.4,1.1536848249027236,34.480000000000004,8,1022
370,3.1,2.3870967741935485,17.32,1,1091
371,5.05,2.407920792079208,28.2,2,1091
372,8.85,2.446327683615819,49.480000000000004,3,1091
373,12.25,2.481224489795918,68.56,4,1091
374,29.9,2.6658729096989964,169.6,5,1091
375,37.1,2.743919137466307,212.36,6,1091
376,44.3,2.824609480812641,256.56,7,1091
377,51.4,2.9074630350194552,302.,8,1091
378,3.1,2.9951612903225806,1.68,1,1095
379,5.05,3.014851485148515,2.7600000000000002,2,1095
380,8.85,3.0531073446327683,4.84,3,1095
381,12.25,3.0869387755102036,6.72,4,1095
382,29.9,-3.016675585284281,16.6,5,1095
383,37.1,-2.94077088948787,20.8,6,1095
384,44.3,-2.8627539503386,25.080000000000002,7,1095
385,51.4,-2.782112840466926,29.52,8,1095
386,3.1,-2.8645161290322583,-4.64,1,1098
387,5.05,-2.878217821782178,-7.5600000000000005,2,1098
388,8.85,-2.9045197740112996,-13.24,3,1098
389,12.25,-2.9285714285714284,-18.32,4,1098
390,29.9,-3.0536321070234114,-44.96,5,1098
391,37.1,-3.10554716981132,-56.04,6,1098
392,44.3,3.125160270880361,-67.24,7,1098
393,51.4,3.0721050583657585,-78.52,8,1098
394,3.1,-2.4806451612903224,-11.88,1,1103
395,5.05,-2.499009900990099,-19.36,2,1103
396,8.85,-2.533333333333333,-33.92,3,1103
397,12.25,-2.564897959183673,-47.,4,1103
398,29.9,-2.731030100334448,-116.,5,1103
399,37.1,-2.800830188679245,-145.,6,1103
400,44.3,-2.8723476297968396,-174.76,7,1103
401,51.4,-2.9452996108949416,-205.08,8,1103
402,3.1,-0.9822580645161291,-10.64,1,1106
403,5.05,-0.9930693069306931,-17.32,2,1106
404,8.85,-1.0129943502824859,-30.400000000000002,3,1106
405,12.25,-1.0310204081632652,-42.08,4,1106
406,29.9,-1.123933110367893,-103.04,5,1106
407,37.1,-1.1623234501347708,-128.16,6,1106
408,44.3,-1.2008216704288939,-153.44,7,1106
409,51.4,-1.2394124513618676,-178.6,8,1106
410,3.1,-1.2967741935483872,-8.32,1,1112
411,5.05,-1.2841584158415842,-13.56,2,1112
412,8.85,-1.2576271186440677,-23.76,3,1112
413,12.25,-1.2346938775510203,-32.88,4,1112
414,29.9,-1.1130167224080267,-80.76,5,1112
415,37.1,-1.0626145552560646,-100.60000000000001,6,1112
416,44.3,-1.011711060948081,-120.68,7,1112
417,51.4,-0.9602684824902723,-140.84,8,1112
418,3.1,2.0838709677419356,-3.12,1,1141
419,5.05,2.098019801980198,-5.04,2,1141
420,8.85,2.124858757062147,-8.84,3,1141
421,12.25,2.1489795918367345,-12.280000000000001,4,1141
422,29.9,2.276066889632107,-30.12,5,1141
423,37.1,2.328587601078167,-37.56,6,1141
424,44.3,2.382225733634311,-45.08,7,1141
425,51.4,2.435828793774319,-52.64,8,1141
426,3.1,-2.306451612903226,2.88,1,1144
427,5.05,-2.3198019801980196,4.72,2,1144
428,8.85,-2.3468926553672316,8.28,3,1144
429,12.25,-2.371428571428571,11.44,4,1144
430,29.9,-2.498147157190635,28.16,5,1144
431,37.1,-2.5508247978436653,35.08,6,1144
432,44.3,-2.604261851015801,42.08,7,1144
433,51.4,-2.657953307392996,49.160000000000004,8,1144
434,3.1,-2.6693548387096775,-0.48,1,1146
435,5.05,-2.6603960396039605,-0.8,2,1146
436,8.85,-2.643502824858757,-1.4000000000000001,3,1146
437,12.25,-2.628163265306122,-1.96,4,1146
438,29.9,-2.549772575250836,-4.8,5,1146
439,37.1,-2.5175579514824795,-5.96,6,1146
440,44.3,-2.485146726862302,-7.12,7,1146
441,51.4,-2.4529610894941634,-8.28,8,1146
442,3.1,-1.5661290322580645,13.8,1,1171
443,5.05,-1.5554455445544555,22.48,2,1171
444,8.85,-1.5350282485875706,39.44,3,1171
445,12.25,-1.5159183673469385,54.6,4,1171
446,29.9,-1.4179933110367893,133.8,5,1171
447,37.1,-1.3774123989218328,166.44,6,1171
448,44.3,-1.3368984198645597,199.36,7,1171
449,51.4,-1.2959688715953306,232.16,8,1171
450,3.1,0.6064516129032258,-7.4,1,1197
451,5.05,0.6227722772277228,-12.08,2,1197
452,8.85,0.6536723163841808,-21.16,3,1197
453,12.25,0.6812244897959183,-29.28,4,1197
454,29.9,0.8260066889632106,-72.08,5,1197
455,37.1,0.8863827493261455,-89.96000000000001,6,1197
456,44.3,0.9480090293453723,-108.16,7,1197
457,51.4,1.0101439688715952,-126.56,8,1197
458,3.1,-2.6548387096774193,0.12,1,1260
459,5.05,-2.6673267326732675,0.24,2,1260
460,8.85,-2.6915254237288138,0.4,3,1260
461,12.25,-2.713061224489796,0.56,4,1260
462,29.9,-2.8263210702341137,1.32,5,1260
463,37.1,-2.872862533692722,1.68,6,1260
464,44.3,-2.920316027088036,2.,7,1260
465,51.4,-2.967657587548638,2.32,8,1260
466,3.1,-3.009677419354839,-1.6,1,1262
467,5.05,-3.001980198019802,-2.64,2,1262
468,8.85,-2.987570621468927,-4.6000000000000005,3,1262
469,12.25,-2.97469387755102,-6.4,4,1262
470,29.9,-2.906602006688963,-15.64,5,1262
471,37.1,-2.8785444743935305,-19.400000000000002,6,1262
472,44.3,-2.8506275395033858,-23.2,7,1262
473,51.4,-2.8226614785992217,-27.,8,1262
474,3.1,1.382258064516129,1.36,1,1264
475,5.05,1.397029702970297,2.24,2,1264
476,8.85,1.4254237288135594,3.88,3,1264
477,12.25,1.4510204081632652,5.4,4,1264
478,29.9,1.5852642140468227,13.280000000000001,5,1264
479,37.1,1.6410727762803232,16.56,6,1264
480,44.3,1.6977742663656883,19.88,7,1264
481,51.4,1.754770428015564,23.240000000000002,8,1264
482,3.1,-1.6758064516129032,-8.92,1,1265
483,5.05,-1.6801980198019801,-14.56,2,1265
484,8.85,-1.6887005649717515,-25.52,3,1265
485,12.25,-1.696734693877551,-35.32,4,1265
486,29.9,-1.7383210702341136,-86.24,5,1265
487,37.1,-1.7552614555256063,-107.04,6,1265
488,44.3,-1.772221218961625,-127.88000000000001,7,1265
489,51.4,-1.7889688715953307,-148.48,8,1265
490,3.1,1.2903225806451613,-9.6,1,1266
491,5.05,1.3237623762376238,-15.68,2,1266
492,8.85,1.3898305084745763,-27.52,3,1266
493,12.25,1.4493877551020407,-38.24,4,1266
494,29.9,1.7784615384615383,-97.36,5,1266
495,37.1,1.93121832884097,-124.76,6,1266
496,44.3,2.106848758465011,-156.28,7,1266
497,3.1,2.5370967741935484,-12.36,1,1267
498,5.05,2.5287128712871287,-20.16,2,1267
499,8.85,2.5135593220338985,-35.36,3,1267
500,12.25,2.4999999999999996,-48.92,4,1267
501,29.9,2.4281003344481604,-119.68,5,1267
502,37.1,2.3986037735849055,-148.72,6,1267
503,44.3,2.369024830699774,-177.88,7,1267
504,51.4,2.339715953307393,-206.76,8,1267
505,3.1,-2.143548387096774,-5.76,1,1268
506,5.05,-2.1386138613861387,-9.36,2,1268
507,8.85,-2.1293785310734465,-16.44,3,1268
508,12.25,-2.1212244897959183,-22.72,4,1268
509,29.9,-2.077752508361204,-55.56,5,1268
510,37.1,-2.0599784366576817,-68.96000000000001,6,1268
511,44.3,-2.0422257336343113,-82.4,7,1268
512,51.4,-2.024653696498054,-95.64,8,1268
513,3.1,-2.417741935483871,9.64,1,1293
514,5.05,-2.4178217821782177,15.72,2,1293
515,8.85,-2.4203389830508475,27.560000000000002,3,1293
516,12.25,-2.4220408163265303,38.12,4,1293
517,29.9,-2.4315117056856184,93.08,5,1293
518,37.1,-2.4354447439353097,115.48,6,1293
519,44.3,-2.4393273137697515,137.88,7,1293
520,51.4,-2.443171206225681,160.,8,1293
521,3.1,-2.412903225806452,8.48,1,1294
522,5.05,-2.408910891089109,13.84,2,1294
523,8.85,-2.4022598870056497,24.28,3,1294
524,12.25,-2.3959183673469386,33.6,4,1294
525,29.9,-2.362943143812709,82.04,5,1294
526,37.1,-2.349482479784366,101.8,6,1294
527,44.3,-2.335945823927765,121.60000000000001,7,1294
528,51.4,-2.3226498054474707,141.16,8,1294
529,3.1,-2.7241935483870967,-2.36,1,1309
530,5.05,-2.735643564356436,-3.84,2,1309
531,8.85,-2.756497175141243,-6.76,3,1309
532,12.25,-2.7751020408163263,-9.36,4,1309
533,29.9,-2.872829431438127,-22.96,5,1309
534,37.1,-2.9130026954177892,-28.560000000000002,6,1309
535,44.3,-2.95385553047404,-34.2,7,1309
536,51.4,-2.9943813229571985,-39.800000000000004,8,1309
537,3.1,2.217741935483871,2.36,1,1311
538,5.05,2.1712871287128714,3.84,2,1311
539,8.85,2.077966101694915,6.76,3,1311
540,12.25,1.9926530612244897,9.44,4,1311
541,29.9,1.4857658862876253,25.32,5,1311
542,37.1,1.1805606469002694,34.88,6,1311
543,3.1,0.2532258064516129,1.4000000000000001,1,1312
544,5.05,0.2871287128712871,2.32,2,1312
545,8.85,0.3559322033898305,4.08,3,1312
546,12.25,0.4175510204081632,5.64,4,1312
547,29.9,0.7591438127090301,14.44,5,1312
548,37.1,0.9193746630727762,18.56,6,1312
549,44.3,1.1068803611738147,23.36,7,1312
550,3.1,1.7661290322580645,12.120000000000001,1,1314
551,5.05,1.7495049504950495,19.72,2,1314
552,8.85,1.7163841807909606,34.6,3,1314
553,12.25,1.6865306122448978,47.92,4,1314
554,29.9,1.5302274247491638,118.08,5,1314
555,37.1,1.4644743935309972,147.48,6,1314
556,44.3,1.3978374717832955,177.56,7,1314
557,51.4,1.3295719844357976,208.04,8,1314
558,3.1,-1.3564516129032258,11.72,1,1317
559,5.05,-1.3485148514851486,19.12,2,1317
560,8.85,-1.332768361581921,33.52,3,1317
561,12.25,-1.3179591836734692,46.4,4,1317
562,29.9,-1.2429899665551838,113.52,5,1317
563,37.1,-1.2122695417789755,141.08,6,1317
564,44.3,-1.1811738148984197,168.76,7,1317
565,51.4,-1.1505758754863813,196.20000000000002,8,1317
566,3.1,-1.1193548387096774,-0.92,1,1322
567,5.05,-1.1435643564356435,-1.52,2,1322
568,8.85,-1.189265536723164,-2.64,3,1322
569,12.25,-1.2310204081632652,-3.68,4,1322
570,29.9,-1.4530167224080266,-9.16,5,1322
571,37.1,-1.5489703504043124,-11.52,6,1322
572,44.3,-1.6491918735891646,-14.,7,1322
573,51.4,-1.7555642023346303,-16.64,8,1322
574,3.1,-1.4258064516129032,-6.92,1,1323
575,5.05,-1.4099009900990098,-11.32,2,1323
576,8.85,-1.376271186440678,-19.84,3,1323
577,12.25,-1.3461224489795918,-27.48,4,1323
578,29.9,-1.1888628762541804,-67.68,5,1323
579,37.1,-1.1229164420485174,-84.56,6,1323
580,44.3,-1.05568848758465,-101.8,7,1323
581,51.4,-0.9868599221789883,-119.28,8,1323
582,3.1,2.0387096774193547,-3.44,1,1327
583,5.05,2.0534653465346535,-5.6000000000000005,2,1327
584,8.85,2.0830508474576273,-9.8,3,1327
585,12.25,2.1089795918367344,-13.56,4,1327
586,29.9,2.2463879598662206,-33.32,5,1327
587,37.1,2.3032021563342315,-41.56,6,1327
588,44.3,2.3615033860045145,-49.96,7,1327
589,51.4,2.4200856031128404,-58.4,8,1327
590,3.1,1.5096774193548388,-3.16,1,1346
591,5.05,1.503960396039604,-5.16,2,1346
592,8.85,1.4903954802259887,-9.08,3,1346
593,12.25,1.4791836734693875,-12.56,4,1346
594,29.9,1.4187892976588627,-30.68,5,1346
595,37.1,1.3940916442048517,-38.08,6,1346
596,44.3,1.3692866817155755,-45.52,7,1346
597,51.4,1.3447859922178989,-52.88,8,1346
598,3.1,1.261290322580645,-3.96,1,1347
599,5.05,1.2663366336633664,-6.44,2,1347
600,8.85,1.2779661016949153,-11.32,3,1347
601,12.25,1.2881632653061224,-15.68,4,1347
602,29.9,1.3406688963210702,-38.28,5,1347
603,37.1,1.3622911051212936,-47.52,6,1347
604,44.3,1.3838690744920992,-56.800000000000004,7,1347
605,51.4,1.4051789883268482,-65.96000000000001,8,1347
606,3.1,1.8516129032258064,-17.2,1,1350
607,5.05,1.8475247524752476,-28.,2,1350
608,8.85,1.8372881355932205,-49.08,3,1350
609,12.25,1.8289795918367344,-67.92,4,1350
610,29.9,1.7839197324414715,-165.92000000000002,5,1350
611,37.1,1.7655256064690024,-206.,6,1350
612,44.3,1.7470474040632051,-246.16,7,1350
613,51.4,1.72884046692607,-285.8,8,1350
614,3.1,-0.5548387096774193,-12.6,1,1379
615,5.05,-0.5603960396039604,-20.52,2,1379
616,8.85,-0.572316384180791,-35.96,3,1379
617,12.25,-0.5828571428571429,-49.76,4,1379
618,29.9,-0.6373578595317725,-121.64,5,1379
619,37.1,-0.6595633423180592,-151.04,6,1379
620,44.3,-0.6819187358916478,-180.52,7,1379
621,51.4,-0.7039455252918287,-209.68,8,1379
622,3.1,-2.6370967741935485,-4.88,1,1382
623,5.05,-2.611881188118812,-7.92,2,1382
624,8.85,-2.563276836158192,-13.92,3,1382
625,12.25,-2.5199999999999996,-19.32,4,1382
626,29.9,-2.286983277591973,-48.2,5,1382
627,37.1,-2.1856226415094335,-60.68,6,1382
628,44.3,-2.0789887133182843,-73.92,7,1382
629,51.4,-1.96531906614786,-88.,8,1382
630,3.1,3.0161290322580645,2.12,1,1396
631,5.05,3.00990099009901,3.48,2,1396
632,8.85,3.,6.08,3,1396
633,12.25,2.990204081632653,8.44,4,1396
634,29.9,2.940715719063545,20.6,5,1396
635,37.1,2.920517520215633,25.560000000000002,6,1396
636,44.3,2.9002076749435663,30.560000000000002,7,1396
637,51.4,2.8801439688715953,35.480000000000004,8,1396
638,3.1,-0.4532258064516129,13.08,1,1400
639,5.05,-0.4861386138613861,21.28,2,1400
640,8.85,-0.5519774011299435,37.4,3,1400
641,12.25,-0.6114285714285713,51.96,4,1400
642,29.9,-0.9377859531772574,132.2,5,1400
643,37.1,-1.0892830188679243,169.36,6,1400
644,44.3,-1.262451467268623,211.88,7,1400
645,3.1,0.15161290322580645,-0.12,1,1402
646,5.05,0.15643564356435644,-0.2,2,1402
647,8.85,0.16779661016949154,-0.32,3,1402
648,12.25,0.17755102040816326,-0.48,4,1402
649,29.9,0.22787959866220733,-1.16,5,1402
650,37.1,0.2486307277628032,-1.4000000000000001,6,1402
651,44.3,0.26916027088036115,-1.68,7,1402
652,51.4,0.2897937743190661,-1.96,8,1402
653,3.1,-0.15806451612903225,-10.76,1,1415
654,5.05,-0.14356435643564355,-17.52,2,1415
655,8.85,-0.11299435028248588,-30.72,3,1415
656,12.25,-0.08612244897959183,-42.56,4,1415
657,29.9,0.05583277591973244,-104.68,5,1415
658,37.1,0.11464690026954176,-130.6,6,1415
659,44.3,0.17521896162528214,-156.96,7,1415
660,51.4,0.23588326848249025,-183.56,8,1415
661,3.1,1.435483870967742,-18.52,1,1429
662,5.05,1.4514851485148514,-30.2,2,1429
663,8.85,1.4830508474576272,-52.96,3,1429
664,12.25,1.5114285714285713,-73.36,4,1429
665,29.9,1.660086956521739,-180.6,5,1429
666,37.1,1.7219946091644203,-225.44,6,1429
667,44.3,1.7854988713318283,-271.16,7,1429
668,51.4,1.8496264591439688,-317.40000000000003,8,1429
669,3.1,-1.7129032258064516,-9.08,1,1433
670,5.05,-1.7297029702970297,-14.8,2,1433
671,8.85,-1.763276836158192,-26.,3,1433
672,12.25,-1.7930612244897957,-36.,4,1433
673,29.9,-1.950963210702341,-88.76,5,1433
674,37.1,-2.017272237196765,-110.84,6,1433
675,44.3,-2.0847449209932276,-133.48,7,1433
676,51.4,-2.15384046692607,-156.44,8,1433
677,3.1,1.2903225806451613,0.12,1,1436
678,5.05,1.304950495049505,0.2,2,1436
679,8.85,1.331638418079096,0.36,3,1436
680,12.25,1.3563265306122447,0.52,4,1436
681,29.9,1.4836053511705685,1.28,5,1436
682,37.1,1.536231805929919,1.6,6,1436
683,44.3,1.5902483069977424,1.92,7,1436
684,51.4,1.6440389105058364,2.24,8,1436
685,3.1,1.8177419354838709,6.28,1,1437
686,5.05,1.798019801980198,10.24,2,1437
687,8.85,1.7598870056497176,17.92,3,1437
688,12.25,1.7257142857142855,24.84,4,1437
689,29.9,1.5441003344481605,61.44,5,1437
690,37.1,1.4677735849056601,76.92,6,1437
691,44.3,1.3880135440180585,92.92,7,1437
692,51.4,1.3070155642023347,109.28,8,1437
693,3.1,-0.18870967741935485,17.32,1,1440
694,5.05,-0.15445544554455445,28.240000000000002,2,1440
695,8.85,-0.08700564971751412,49.64,3,1440
696,12.25,-0.02571428571428571,69.,4,1440
697,29.9,0.31134448160535116,176.,5,1440
698,37.1,0.46921832884097026,225.96,6,1440
699,44.3,0.6525237020316026,284.08,7,1440
700,3.1,-1.1370967741935485,17.88,1,1499
701,5.05,-1.1435643564356435,29.12,2,1499
702,8.85,-1.156497175141243,51.04,3,1499
703,12.25,-1.1685714285714284,70.68,4,1499
704,29.9,-1.2309364548494983,172.8,5,1499
705,37.1,-1.25644204851752,214.6,6,1499
706,44.3,-1.282022573363431,256.56,7,1499
707,51.4,-1.3073463035019455,298.12,8,1499
708,3.1,-0.6403225806451613,15.8,1,1502
709,5.05,-0.6138613861386139,25.76,2,1502
710,8.85,-0.5638418079096046,45.2,3,1502
711,12.25,-0.5191836734693877,62.72,4,1502
712,29.9,-0.2781404682274247,156.6,5,1502
713,37.1,-0.17311590296495954,197.48000000000002,6,1502
714,44.3,-0.061860045146726855,240.88,7,1502
715,51.4,0.05807782101167315,287.40000000000003,8,1502
716,3.1,-1.0806451612903225,18.36,1,1504
717,5.05,-1.0871287128712872,29.88,2,1504
718,8.85,-1.0994350282485876,52.4,3,1504
719,12.25,-1.110204081632653,72.52,4,1504
720,29.9,-1.1668026755852843,177.24,5,1504
721,37.1,-1.1900916442048515,220.12,6,1504
722,44.3,-1.2134085778781036,263.12,7,1504
723,51.4,-1.2363696498054475,305.64,8,1504
724,3.1,-0.2435483870967742,5.72,1,1506
725,5.05,-0.2485148514851485,9.36,2,1506
726,8.85,-0.2593220338983051,16.36,3,1506
727,12.25,-0.26857142857142857,22.68,4,1506
728,29.9,-0.31793979933110367,55.4,5,1506
729,37.1,-0.33825876010781664,68.76,6,1506
730,44.3,-0.3584198645598194,82.16,7,1506
731,51.4,-0.37856420233463034,95.44,8,1506
732,3.1,-0.3548387096774194,5.48,1,1507
733,5.05,-0.3504950495049505,8.92,2,1507
734,8.85,-0.3440677966101695,15.6,3,1507
735,12.25,-0.33795918367346933,21.64,4,1507
736,29.9,-0.3057725752508361,52.800000000000004,5,1507
737,37.1,-0.29280323450134765,65.52,6,1507
738,44.3,-0.2796749435665914,78.28,7,1507
739,51.4,-0.26670817120622564,90.84,8,1507
740,3.1,-0.5725806451612904,4.5200000000000005,1,1508
741,5.05,-0.5762376237623762,7.36,2,1508
742,8.85,-0.5858757062146893,12.92,3,1508
743,12.25,-0.5942857142857142,17.88,4,1508
744,29.9,-0.6370167224080268,43.72,5,1508
745,37.1,-0.6546145552560646,54.28,6,1508
746,44.3,-0.6720948081264108,64.84,7,1508
747,51.4,-0.6894591439688715,75.28,8,1508
748,3.1,-1.0080645161290323,-14.8,1,1511
749,5.05,-1.0188118811881188,-24.080000000000002,2,1511
750,8.85,-1.040677966101695,-42.24,3,1511
751,12.25,-1.0599999999999998,-58.480000000000004,4,1511
752,29.9,-1.1619130434782607,-143.36,5,1511
753,37.1,-1.2038382749326144,-178.36,6,1511
754,44.3,-1.2464108352144467,-213.68,7,1511
755,51.4,-1.2886926070038909,-248.88,8,1511
756,3.1,-1.2419354838709677,1.24,1,1515
757,5.05,-1.2504950495049505,2.,2,1515
758,8.85,-1.2677966101694915,3.48,3,1515
759,12.25,-1.2828571428571427,4.84,4,1515
760,29.9,-1.3619331103678929,11.84,5,1515
761,37.1,-1.394366576819407,14.72,6,1515
762,44.3,-1.4268487584650111,17.64,7,1515
763,51.4,-1.4593540856031129,20.48,8,1515
764,3.1,-0.9919354838709677,-0.16,1,1516
765,5.05,-0.9831683168316832,-0.24,2,1516
766,8.85,-0.964406779661017,-0.44,3,1516
767,12.25,-0.9477551020408163,-0.6,4,1516
768,29.9,-0.8615986622073578,-1.52,5,1516
769,37.1,-0.8262641509433961,-1.8800000000000001,6,1516
770,44.3,-0.7903656884875846,-2.24,7,1516
771,51.4,-0.7548793774319066,-2.6,8,1516
772,3.1,-1.2951612903225806,1.56,1,1519
773,5.05,-1.2900990099009901,2.52,2,1519
774,8.85,-1.280225988700565,4.44,3,1519
775,12.25,-1.270612244897959,6.16,4,1519
776,29.9,-1.2217257525083611,15.040000000000001,5,1519
777,37.1,-1.2019137466307277,18.68,6,1519
778,44.3,-1.181864559819413,22.32,7,1519
779,51.4,-1.1621517509727626,25.92,8,1519
780,3.1,2.4064516129032256,-0.52,1,1523
781,5.05,2.374257425742574,-0.84,2,1523
782,8.85,2.3112994350282485,-1.52,3,1523
783,12.25,2.2551020408163263,-2.08,4,1523
784,29.9,1.9458461538461538,-5.28,5,1523
785,37.1,1.804840970350404,-6.72,6,1523
786,44.3,1.6465823927765235,-8.36,7,1523
787,3.1,2.2,2.44,1,1524
788,5.05,2.235643564356436,4.,2,1524
789,8.85,2.3056497175141244,7.04,3,1524
790,12.25,2.3689795918367347,9.8,4,1524
791,29.9,2.7210234113712373,25.04,5,1524
792,37.1,2.8873423180592988,32.28,6,1524
793,44.3,3.0850970654627536,40.84,7,1524
794,3.1,1.1,1.28,1,1529
795,5.05,1.0762376237623763,2.08,2,1529
796,8.85,1.0282485875706215,3.64,3,1529
797,12.25,0.9857142857142857,5.04,4,1529
798,29.9,0.7581204013377926,12.56,5,1529
799,37.1,0.6593800539083557,15.84,6,1529
800,44.3,0.5559729119638825,19.240000000000002,7,1529
801,51.4,0.445704280155642,22.88,8,1529
802,3.1,1.1806451612903226,-11.8,1,1579
803,5.05,1.192079207920792,-19.240000000000002,2,1579
804,8.85,1.2141242937853107,-33.76,3,1579
805,12.25,1.2342857142857142,-46.72,4,1579
806,29.9,1.3386220735785952,-114.56,5,1579
807,37.1,1.3816280323450132,-142.56,6,1579
808,44.3,1.425160270880361,-170.84,7,1579
809,51.4,1.4685486381322956,-199.04,8,1579
810,3.1,-0.7064516129032258,-13.88,1,1585
811,5.05,-0.7168316831683168,-22.64,2,1585
812,8.85,-0.7378531073446328,-39.68,3,1585
813,12.25,-0.7571428571428571,-54.96,4,1585
814,29.9,-0.857505016722408,-134.64000000000001,5,1585
815,37.1,-0.898754716981132,-167.52,6,1585
816,44.3,-0.9404108352144469,-200.68,7,1585
817,51.4,-0.9820311284046692,-233.72,8,1585
818,3.1,-1.2919354838709678,-1.48,1,1594
819,5.05,-1.3297029702970298,-2.4,2,1594
820,8.85,-1.4028248587570622,-4.2,3,1594
821,12.25,-1.4693877551020407,-5.84,4,1594
822,29.9,-1.8411170568561872,-15.,5,1594
823,37.1,-2.0209380053908355,-19.44,6,1594
824,44.3,-2.2424650112866815,-24.92,7,1594
825,3.1,3.0274193548387096,1.16,1,1595
826,5.05,3.0475247524752476,1.8800000000000001,2,1595
827,8.85,3.0875706214689265,3.3200000000000003,3,1595
828,12.25,3.1232653061224487,4.6000000000000005,4,1595
829,29.9,-2.9717591973244146,11.4,5,1595
830,37.1,-2.891557951482479,14.280000000000001,6,1595
831,44.3,-2.809336343115124,17.28,7,1595
832,51.4,-2.7235719844357975,20.32,8,1595
833,3.1,-1.5225806451612902,17.6,1,1662
834,5.05,-1.5,28.68,2,1662
835,8.85,-1.4559322033898305,50.32,3,1662
836,12.25,-1.4159183673469387,69.76,4,1662
837,29.9,-1.2029632107023411,173.36,5,1662
838,37.1,-1.1116442048517519,217.8,6,1662
839,44.3,-1.01623927765237,264.28000000000003,7,1662
840,51.4,-0.9162801556420233,312.88,8,1662
841,3.1,-0.8741935483870967,2.52,1,1667
842,5.05,-0.8623762376237624,4.12,2,1667
843,8.85,-0.8395480225988701,7.24,3,1667
844,12.25,-0.8191836734693877,10.040000000000001,4,1667
845,29.9,-0.7135451505016722,24.6,5,1667
846,37.1,-0.6701024258760107,30.6,6,1667
847,44.3,-0.6259683972911964,36.68,7,1667
848,51.4,-0.5820350194552529,42.72,8,1667
849,3.1,2.746774193548387,-0.4,1,1676
850,5.05,2.734653465346535,-0.64,2,1676
851,8.85,2.711299435028249,-1.12,3,1676
852,12.25,2.690612244897959,-1.56,4,1676
853,29.9,2.581839464882943,-3.88,5,1676
854,37.1,2.536803234501347,-4.8,6,1676
855,44.3,2.491516930022573,-5.76,7,1676
856,51.4,2.4458832684824903,-6.72,8,1676
857,3.1,2.056451612903226,14.96,1,1709
858,5.05,2.0475247524752476,24.36,2,1709
859,8.85,2.031073446327684,42.68,3,1709
860,12.25,2.0159183673469387,59.08,4,1709
861,29.9,1.9373177257525083,144.52,5,1709
862,37.1,1.905008086253369,179.64000000000001,6,1709
863,44.3,1.8726094808126408,214.92000000000002,7,1709
864,51.4,1.8403657587548636,249.92000000000002,8,1709
865,3.1,-2.196774193548387,16.84,1,1722
866,5.05,-2.205940594059406,27.400000000000002,2,1722
867,8.85,-2.222598870056497,48.04,3,1722
868,12.25,-2.2379591836734694,66.52,4,1722
869,29.9,-2.3166622073578593,162.72,5,1722
870,37.1,-2.3490242587601076,202.24,6,1722
871,44.3,-2.381458239277652,241.96,7,1722
872,51.4,-2.4138677042801557,281.36,8,1722
873,3.1,2.2241935483870967,-0.2,1,1726
874,5.05,2.240594059405941,-0.36,2,1726
875,8.85,2.2728813559322036,-0.64,3,1726
876,12.25,2.3016326530612243,-0.88,4,1726
877,29.9,2.4535719063545147,-2.12,5,1726
878,37.1,2.5168247978436655,-2.68,6,1726
879,44.3,2.581851015801354,-3.2,7,1726
880,51.4,2.647634241245136,-3.7600000000000002,8,1726
881,3.1,2.956451612903226,-1.12,1,1748
882,5.05,2.9445544554455445,-1.8,2,1748
883,8.85,2.922033898305085,-3.16,3,1748
884,12.25,2.901224489795918,-4.36,4,1748
885,29.9,2.7937993311036786,-10.72,5,1748
886,37.1,2.7492345013477086,-13.36,6,1748
887,44.3,2.704573363431151,-16.,7,1748
888,51.4,2.659474708171206,-18.64,8,1748
889,3.1,0.8129032258064516,4.76,1,1749
890,5.05,0.8455445544554455,7.76,2,1749
891,8.85,0.9079096045197741,13.64,3,1749
892,12.25,0.9648979591836734,18.92,4,1749
893,29.9,1.2751705685618728,47.96,5,1749
894,37.1,1.4175525606469002,61.2,6,1749
895,44.3,1.5767404063205417,76.12,7,1749
896,3.1,3.024193548387097,5.16,1,1758
897,5.05,2.994059405940594,8.4,2,1758
898,8.85,2.9361581920903954,14.76,3,1758
899,12.25,2.883673469387755,20.48,4,1758
900,29.9,2.5995785953177255,51.56,5,1758
901,37.1,2.4724690026954175,65.44,6,1758
902,44.3,2.333259593679458,80.68,7,1758
903,51.4,2.175669260700389,97.92,8,1758
904,3.1,2.7129032258064516,-0.48,1,1759
905,5.05,2.730693069306931,-0.8,2,1759
906,8.85,2.7649717514124297,-1.4000000000000001,3,1759
907,12.25,2.7959183673469385,-1.92,4,1759
908,29.9,2.958795986622073,-4.76,5,1759
909,37.1,3.027374663072776,-5.96,6,1759
910,44.3,3.0973769751693,-7.16,7,1759
911,51.4,-3.1141750972762643,-8.4,8,1759
912,3.1,2.017741935483871,8.16,1,1800
913,5.05,2.010891089108911,13.280000000000001,2,1800
914,8.85,1.9983050847457628,23.28,3,1800
915,12.25,1.9865306122448978,32.24,4,1800
916,29.9,1.9251505016722408,78.8,5,1800
917,37.1,1.8999676549865225,97.88,6,1800
918,44.3,1.8748352144469524,117.,7,1800
919,51.4,1.8499571984435796,135.96,8,1800
920,3.1,-0.14193548387096774,-0.44,1,1809
921,5.05,-0.13663366336633664,-0.72,2,1809
922,8.85,-0.12598870056497175,-1.28,3,1809
923,12.25,-0.11632653061224489,-1.76,4,1809
924,29.9,-0.06777257525083612,-4.32,5,1809
925,37.1,-0.04783827493261455,-5.36,6,1809
926,44.3,-0.027936794582392774,-6.4,7,1809
927,51.4,-0.008268482490272374,-7.44,8,1809
928,3.1,-0.8032258064516129,-0.2,1,1830
929,5.05,-0.7841584158415842,-0.36,2,1830
930,8.85,-0.7491525423728814,-0.6,3,1830
931,12.25,-0.7171428571428571,-0.84,4,1830
932,29.9,-0.5484347826086956,-2.08,5,1830
933,37.1,-0.4775579514824797,-2.6,6,1830
934,44.3,-0.40469977426636566,-3.12,7,1830
935,51.4,-0.3304747081712062,-3.68,8,1830
936,3.1,3.0370967741935484,0.04,1,1832
937,5.05,3.006930693069307,0.08,2,1832
938,8.85,2.950847457627119,0.12,3,1832
939,12.25,2.8995918367346936,0.2,4,1832
940,29.9,2.623458193979933,0.44,5,1832
941,37.1,2.500420485175202,0.6,6,1832
942,44.3,2.366492099322799,0.72,7,1832
943,51.4,2.2167470817120623,0.88,8,1832
944,3.1,-2.445161290322581,-11.8,1,1864
945,5.05,-2.401980198019802,-19.240000000000002,2,1864
946,8.85,-2.315819209039548,-33.88,3,1864
947,12.25,-2.2379591836734694,-47.2,4,1864
948,29.9,-1.7857391304347825,-124.44,5,1864
949,37.1,-1.5422803234501345,-166.08,6,1864
950,3.1,2.1,-11.48,1,1896
951,5.05,2.092079207920792,-18.72,2,1896
952,8.85,2.0768361581920907,-32.8,3,1896
953,12.25,2.0632653061224486,-45.4,4,1896
954,29.9,1.992127090301003,-111.04,5,1896
955,37.1,1.9629272237196762,-137.96,6,1896
956,44.3,1.9336252821670428,-165.,7,1896
957,51.4,1.9045953307392995,-191.8,8,1896
958,3.1,-0.34516129032258064,-1.96,1,1900
959,5.05,-0.33762376237623765,-3.2,2,1900
960,8.85,-0.32316384180790964,-5.6000000000000005,3,1900
961,12.25,-0.310204081632653,-7.76,4,1900
962,29.9,-0.2426622073578595,-18.96,5,1900
963,37.1,-0.2148140161725067,-23.56,6,1900
964,44.3,-0.18696162528216703,-28.2,7,1900
965,51.4,-0.15928404669260698,-32.76,8,1900
966,3.1,-0.782258064516129,7.44,1,1903
967,5.05,-0.808910891089109,12.120000000000001,2,1903
968,8.85,-0.8615819209039548,21.32,3,1903
969,12.25,-0.9085714285714285,29.560000000000002,4,1903
970,29.9,-1.1608896321070232,73.96000000000001,5,1903
971,37.1,-1.271563342318059,93.44,6,1903
972,44.3,-1.3898555304740405,114.28,7,1903
973,51.4,-1.5188210116731518,136.88,8,1903
974,3.1,-0.9112903225806451,-1.96,1,1905
975,5.05,-0.9198019801980198,-3.16,2,1905
976,8.85,-0.9361581920903955,-5.5600000000000005,3,1905
977,12.25,-0.9510204081632652,-7.68,4,1905
978,29.9,-1.0283010033444815,-18.84,5,1905
979,37.1,-1.0599568733153637,-23.400000000000002,6,1905
980,44.3,-1.0918374717832955,-28.,7,1905
981,51.4,-1.123455252918288,-32.56,8,1905
982,3.1,-0.5951612903225807,4.4,1,1908
983,5.05,-0.5881188118811881,7.2,2,1908
984,8.85,-0.5740112994350283,12.6,3,1908
985,12.25,-0.5612244897959183,17.44,4,1908
986,29.9,-0.4964682274247491,42.6,5,1908
987,37.1,-0.46985983827493255,52.92,6,1908
988,44.3,-0.4432279909706546,63.28,7,1908
989,51.4,-0.4167315175097276,73.56,8,1908
990,3.1,1.9306451612903226,9.,1,1910
991,5.05,1.8990099009900991,14.68,2,1910
992,8.85,1.83954802259887,25.8,3,1910
993,12.25,1.7857142857142856,35.800000000000004,4,1910
994,29.9,1.4922474916387958,90.4,5,1910
995,37.1,1.3596334231805929,115.,6,1910
996,44.3,1.2134853273137696,142.20000000000002,7,1910
997,51.4,1.044805447470817,173.48,8,1910
998,3.1,-2.338709677419355,6.640000000000001,1,1922
999,5.05,-2.3534653465346533,10.8,2,1922
1000,8.85,-2.381920903954802,18.96,3,1922
1001,12.25,-2.406938775510204,26.28,4,1922
1002,29.9,-2.540220735785953,64.56,5,1922
1003,37.1,-2.5956388140161724,80.48,6,1922
1004,44.3,-2.6519232505643338,96.64,7,1922
1005,51.4,-2.708490272373541,112.92,8,1922
1006,3.1,0.2725806451612903,0.-1.8*I,1,1925
1007,3.1,-0.7338709677419355,7.68,1,1933
1008,5.05,-0.7059405940594059,12.48,2,1933
1009,8.85,-0.6508474576271187,21.96,3,1933
1010,12.25,-0.6008163265306122,30.44,4,1933
1011,29.9,-0.3329498327759197,76.44,5,1933
1012,37.1,-0.21435579514824796,96.8,6,1933
1013,44.3,-0.08618961625282166,118.8,7,1933
1014,51.4,0.05629182879377432,143.16,8,1933
1015,3.1,1.6919354838709677,2.44,1,1937
1016,5.05,1.689108910891089,4.,2,1937
1017,8.85,1.68135593220339,7.,3,1937
1018,12.25,1.6746938775510203,9.68,4,1937
1019,29.9,1.6397324414715717,23.64,5,1937
1020,37.1,1.625584905660377,29.32,6,1937
1021,44.3,1.611277652370203,35.04,7,1937
1022,51.4,1.597272373540856,40.68,8,1937
1023,3.1,1.070967741935484,0.68,1,1938
1024,5.05,1.106930693069307,1.08,2,1938
1025,8.85,1.1757062146892656,1.92,3,1938
1026,12.25,1.2375510204081632,2.68,4,1938
1027,29.9,1.5819665551839464,6.8,5,1938
1028,37.1,1.743897574123989,8.76,6,1938
1029,44.3,1.9349300225733632,11.040000000000001,7,1938
1030,3.1,0.03870967741935484,-1.24,1,1947
1031,5.05,0.06435643564356436,-2.,2,1947
1032,8.85,0.11242937853107345,-3.52,3,1947
1033,12.25,0.15551020408163263,-4.88,4,1947
1034,29.9,0.38775919732441466,-12.16,5,1947
1035,37.1,0.48837196765498647,-15.32,6,1947
1036,44.3,0.5947313769751692,-18.64,7,1947
1037,51.4,0.707715953307393,-22.2,8,1947
1038,3.1,0.9258064516129032,-12.52,1,1978
1039,5.05,0.9178217821782179,-20.400000000000002,2,1978
1040,8.85,0.9005649717514125,-35.72,3,1978
1041,12.25,0.8853061224489795,-49.480000000000004,4,1978
1042,29.9,0.8059933110367893,-121.04,5,1978
1043,37.1,0.7732938005390835,-150.44,6,1978
1044,44.3,0.7404785553047403,-180.,7,1978
1045,51.4,0.7079143968871595,-209.36,8,1978
1046,3.1,-0.6612903225806451,-4.48,1,1982
1047,5.05,-0.6801980198019802,-7.28,2,1982
1048,8.85,-0.7180790960451978,-12.76,3,1982
1049,12.25,-0.7522448979591836,-17.68,4,1982
1050,29.9,-0.9315317725752508,-43.72,5,1982
1051,37.1,-1.0074447439353098,-54.72,6,1982
1052,44.3,-1.0855440180586906,-66.08,7,1982
1053,51.4,-1.1656575875486381,-77.68,8,1982
1054,3.1,-2.3306451612903225,-7.5600000000000005,1,1983
1055,5.05,-2.3108910891089107,-12.32,2,1983
1056,8.85,-2.2717514124293787,-21.64,3,1983
1057,12.25,-2.236326530612245,-30.,4,1983
1058,29.9,-2.0484147157190633,-74.2,5,1983
1059,37.1,-1.9691590296495953,-92.96000000000001,6,1983
1060,44.3,-1.886654627539503,-112.36,7,1983
1061,51.4,-1.8018015564202334,-132.32,8,1983
1062,3.1,-0.8306451612903226,2.96,1,1984
1063,5.05,-0.8455445544554455,4.8,2,1984
1064,8.85,-0.8774011299435028,8.44,3,1984
1065,12.25,-0.9053061224489795,11.68,4,1984
1066,29.9,-1.051839464882943,28.76,5,1984
1067,37.1,-1.1132021563342316,35.92,6,1984
1068,44.3,-1.175647855530474,43.2,7,1984
1069,51.4,-1.2387509727626458,50.52,8,1984
1070,3.1,3.014516129032258,0.68,1,1985
1071,5.05,3.0653465346534654,1.08,2,1985
1072,8.85,-3.119774011299435,1.8800000000000001,3,1985
1073,12.25,-3.0293877551020407,2.64,4,1985
1074,29.9,-2.4793846153846153,7.24,5,1985
1075,37.1,-2.1043342318059297,10.36,6,1985
1076,3.1,-0.8629032258064516,-0.4,1,1987
1077,5.05,-0.8712871287128713,-0.64,2,1987
1078,8.85,-0.8903954802259887,-1.16,3,1987
1079,12.25,-0.906938775510204,-1.6,4,1987
1080,29.9,-0.9943010033444816,-3.88,5,1987
1081,37.1,-1.030264150943396,-4.84,6,1987
1082,44.3,-1.066356659142212,-5.8,7,1987
1083,51.4,-1.1022217898832685,-6.72,8,1987
1084,3.1,-0.7112903225806452,-3.96,1,1988
1085,5.05,-0.6930693069306931,-6.44,2,1988
1086,8.85,-0.6576271186440679,-11.28,3,1988
1087,12.25,-0.6257142857142857,-15.64,4,1988
1088,29.9,-0.45882943143812704,-38.6,5,1988
1089,37.1,-0.38866307277628026,-48.24,6,1988
1090,44.3,-0.31674492099322793,-58.120000000000005,7,1988
1091,51.4,-0.2430272373540856,-68.24,8,1988
1092,3.1,-0.3370967741935484,-1.08,1,1990
1093,5.05,-0.3287128712871287,-1.72,2,1990
1094,8.85,-0.31186440677966104,-3.04,3,1990
1095,12.25,-0.29673469387755097,-4.2,4,1990
1096,29.9,-0.21912374581939797,-10.28,5,1990
1097,37.1,-0.1873207547169811,-12.8,6,1990
1098,44.3,-0.15526410835214446,-15.32,7,1990
1099,51.4,-0.12349805447470817,-17.8,8,1990
1100,3.1,2.608064516129032,17.68,1,1999
1101,5.05,2.589108910891089,28.8,2,1999
1102,8.85,2.553672316384181,50.52,3,1999
1103,12.25,2.5220408163265304,69.96000000000001,4,1999
1104,29.9,2.3544147157190634,172.72,5,1999
1105,37.1,2.2839568733153635,215.92000000000002,6,1999
1106,44.3,2.211534988713318,260.28000000000003,7,1999
1107,51.4,2.1377665369649805,305.48,8,1999
1108,3.1,1.3370967741935484,14.88,1,2013
1109,5.05,1.3346534653465347,24.2,2,2013
1110,8.85,1.3293785310734463,42.44,3,2013
1111,12.25,1.3248979591836734,58.72,4,2013
1112,29.9,1.301210702341137,143.4,5,2013
1113,37.1,1.2914501347708893,177.92000000000002,6,2013
1114,44.3,1.2817923250564334,212.52,7,2013
1115,51.4,1.2722217898832684,246.6,8,2013
1116,3.1,1.4419354838709677,15.48,1,2014
1117,5.05,1.4425742574257425,25.240000000000002,2,2014
1118,8.85,1.444632768361582,44.24,3,2014
1119,12.25,1.4465306122448978,61.24,4,2014
1120,29.9,1.4556321070234113,149.48,5,2014
1121,37.1,1.459342318059299,185.48,6,2014
1122,44.3,1.4630744920993226,221.48000000000002,7,2014
1123,51.4,1.4666964980544746,257.,8,2014
1124,3.1,0.9612903225806452,-1.44,1,2029
1125,5.05,0.9405940594059407,-2.36,2,2029
1126,8.85,0.9005649717514125,-4.12,3,2029
1127,12.25,0.8640816326530611,-5.68,4,2029
1128,29.9,0.6719264214046822,-14.120000000000001,5,2029
1129,37.1,0.5903719676549865,-17.68,6,2029
1130,44.3,0.5056252821670428,-21.36,7,2029
1131,51.4,0.41792217898832684,-25.2,8,2029
1132,3.1,-0.7612903225806451,-1.84,1,2030
1133,5.05,-0.7376237623762376,-3.,2,2030
1134,8.85,-0.6909604519774012,-5.28,3,2030
1135,12.25,-0.6489795918367346,-7.32,4,2030
1136,29.9,-0.42369230769230765,-18.2,5,2030
1137,37.1,-0.32689487870619943,-22.88,6,2030
1138,44.3,-0.224568848758465,-27.84,7,2030
1139,51.4,-0.11635408560311283,-33.08,8,2030
0,0,0,0,0
